"links","datetime","rssid","rsstopic","date","downloaded"
"https://www.rtl.de/cms/leichensuche-in-posthausen-dieses-mutmassliche-verbrechen-steckt-hinter-dem-mysterioesen-einsatz-4858132.html","2021-11-03 02:00:02","RTL_News_2021-11-03_02_00_02","RTL_News","2021-11-03",1
"https://www.spiegel.de/kultur/musik/isolation-berlin-james-blake-tirzah-wiki-alexander-winkelmann-album-der-woche-a-b1b7a76f-b12b-4ab7-b537-0787d62f0fb3#ref=rss","2021-10-08 18:26:02","spiegel_rssschlagz_2021-10-08_18_26_02","Spiegel_Schlagzeilen","2021-10-08",1
"https://www.rtl.de/cms/mordfall-monika-weimar-drei-prozesse-drei-urteile-true-crime-von-1986-4822304.html","2021-09-05 02:00:02","RTL_News_2021-09-05_02_00_02","RTL_News","2021-09-05",1
"https://www.welt.de/wissenschaft/article235275984/Corona-in-Bayern-Patienten-werden-vermutlich-den-Staat-verklagen.html","2021-11-25 14:03:02","WELT_News_2021-11-25_14_03_02","WELT_News","2021-11-25",1
"https://www.rtl.de/cms/ene-slawow-kuschelt-im-zug-mit-seinem-sohn-und-wird-festgenommen-vater-schockiert-ueber-missbrauchsvorwurf-4831486.html","2021-09-19 02:00:02","RTL_News_2021-09-19_02_00_02","RTL_News","2021-09-19",1
"https://www.zdf.de/nachrichten/zdfheute-live/corona-ampel-massnahmen-video-100.html","2021-11-13 01:30:02","ZDF_2021-11-13_01_30_02","ZDF_Standard","2021-11-13",1
"https://www.welt.de/politik/deutschland/plus234104104/Chaos-bei-Berlin-Wahl-Recht-eindeutig-dass-Rechtsverstoesse-stattfanden.html","2021-09-29 20:51:02","WELT_Politik_2021-09-29_20_51_02","WELT_Politik","2021-09-29",1
"https://www.welt.de/vermischtes/live230889917/Corona-Virologen-gehen-nun-von-laengerem-Schutz-fuer-Genesene-aus.html","2021-10-01 18:03:02","WELT_News_2021-10-01_18_03_02","WELT_News","2021-10-01",1
"https://www.spiegel.de/politik/deutschland/armin-laschet-reicht-montag-ruecktritt-als-ministerpraesident-von-nordrhein-westfalen-ein-a-868bf721-57ab-48cb-8375-fab331d1f0ae#ref=rss","2021-10-22 22:30:02","spiegel_rsspolitik_2021-10-22_22_30_02","Spiegel_Politik","2021-10-22",1
"https://www.welt.de/wissenschaft/article235037740/Corona-Patientenschuetzer-werfen-Politik-Versagen-vor.html","2021-11-14 19:03:07","welt_rssnews_2021-11-14_19_03_07","WELT_News","2021-11-14",1
"https://www.spiegel.de/wissenschaft/tornado-in-kiel-so-entstehen-die-staerksten-stuerme-der-welt-a-122fdb4f-4d2c-4175-a826-a8604c795b4d#ref=rss","2021-10-01 21:26:02","spiegel_rssschlagz_2021-10-01_21_26_02","Spiegel_Schlagzeilen","2021-10-01",1
"https://www.welt.de/debatte/kommentare/article235182546/Bloggerin-im-Hungerstreik-Der-Westen-kann-mehr-fuer-Chinas-Dissidenten-tun.html","2021-11-20 19:03:02","WELT_News_2021-11-20_19_03_02","WELT_News","2021-11-20",1
"https://www.spiegel.de/sport/olympia/moderner-fuenfkampf-ohne-reiten-umsatteln-um-diese-sportart-zu-retten-a-3497c0c8-3e86-4bc6-ba61-66e81db00fb5#ref=rss","2021-11-03 19:26:02","spiegel_rssschlagz_2021-11-03_19_26_02","Spiegel_Schlagzeilen","2021-11-03",1
"https://www.spiegel.de/wissenschaft/corona-macht-hunderttausende-kinder-zu-waisen-a-4a69357f-48db-4f75-820e-5648979a30c4#ref=rss","2021-10-07 14:26:01","spiegel_rssschlagz_2021-10-07_14_26_01","Spiegel_Schlagzeilen","2021-10-07",1
"https://www.welt.de/politik/deutschland/article233446288/Bundestagswahl-2021-So-treiben-AfD-und-Linke-die-Waehler-von-sich-fort.html","2021-08-30 21:51:02","WELT_Politik_2021-08-30_21_51_02","WELT_Politik","2021-08-30",1
"https://www.tagesschau.de/wirtschaft/finanzen/geldvermoegen-privathaushalte-reichtum-deutschland-101.html","2021-10-15 09:56:02","ARD_Inland_2021-10-15_09_56_02","ARD_Inland","2021-10-15",1
"https://www.spiegel.de/ausland/nordkorea-was-steckt-hinter-raketentests-und-dialogangebot-a-51643047-2982-4d81-b803-cbf3397918de#ref=rss","2021-10-01 21:26:02","spiegel_rssschlagz_2021-10-01_21_26_02","Spiegel_Schlagzeilen","2021-10-01",1
"https://www.spiegel.de/sport/fussball/jose-mourinho-nach-1-6-mit-as-rom-bei-fk-bodoe-glimt-sie-haben-mehr-qualitaet-als-wir-a-bc44d2e5-eceb-4e80-ab78-56e20bdad2a2#ref=rss","2021-10-22 11:26:02","spiegel_rssschlagz_2021-10-22_11_26_02","Spiegel_Schlagzeilen","2021-10-22",1
"https://www.spiegel.de/familie/zwillinge-und-ihre-beziehung-wer-bin-ich-wenn-ein-anderes-ich-neben-mir-steht-a-34b51233-0bd5-486e-8c0e-bf2ff69f8100#ref=rss","2021-10-17 10:26:02","spiegel_rssschlagz_2021-10-17_10_26_02","Spiegel_Schlagzeilen","2021-10-17",1
"https://www.rtl.de/cms/skandal-in-speyer-deutsche-nonne-soll-jungen-missbraucht-haben-4852272.html","2021-10-22 02:00:02","RTL_News_2021-10-22_02_00_02","RTL_News","2021-10-22",1
"https://www.spiegel.de/wirtschaft/gasknappheit-wladimir-putin-ordnet-hoehere-gaslieferungen-nach-europa-an-a-052a6803-c94e-428f-884e-fac09eb29bee#ref=rss","2021-10-27 20:26:02","spiegel_rssschlagz_2021-10-27_20_26_02","Spiegel_Schlagzeilen","2021-10-27",1
"https://www.n-tv.de/politik/Steuerberichte-gefaehrden-Babis-Wiederwahl-article22855093.html","2021-10-08 22:10:02","NTV_Standard_2021-10-08_22_10_02","NTV_Standard","2021-10-08",1
"https://www.welt.de/debatte/kommentare/plus235418370/Mathias-Doepfner-ueber-Angela-Merkel-Keine-Experimente.html","2021-12-02 20:03:02","WELT_News_2021-12-02_20_03_02","WELT_News","2021-12-02",1
"https://zdfheute-stories-tap.zdf.de/corona_impfung_abstand","2021-09-10 01:30:02","ZDF_2021-09-10_01_30_02","ZDF_Standard","2021-09-10",1
"https://www.n-tv.de/politik/Trittin-wuenscht-Union-schnelle-Erholung-article22861986.html","2021-10-13 15:15:02","NTV_Standard_2021-10-13_15_15_02","NTV_Standard","2021-10-13",1
"https://www.zdf.de/nachrichten/zdf-morgenmagazin/der-corona-herbst-in-anderen-laendern-pandemie-weltweit-100.html","2021-11-16 15:07:02","ZDF_2021-11-16_15_07_02","ZDF_Standard","2021-11-16",1
"https://www.spiegel.de/politik/olaf-scholz-spd-in-brandenburg-weiter-weg-von-hamburg-war-der-kanzlerkandidat-wohl-nie-a-683fd1e8-533f-4c40-baa0-70565bf6d891#ref=rss","2021-09-25 18:26:02","spiegel_rssschlagz_2021-09-25_18_26_02","Spiegel_Schlagzeilen","2021-09-25",1
"https://www.spiegel.de/sport/fussball/premier-league-rueckkehr-der-stehplaetze-standing-ovations-a-4f7792d7-d9f0-4bfa-bb1b-6c1b86438ab7#ref=rss","2021-09-28 19:26:01","spiegel_rssschlagz_2021-09-28_19_26_01","Spiegel_Schlagzeilen","2021-09-28",1
"https://www.tagesschau.de/ausland/usa-china-taiwan-biden-101.html","2021-10-22 09:56:02","ARD_Inland_2021-10-22_09_56_02","ARD_Inland","2021-10-22",1
"https://www.rtl.de/cms/koalitionsaussagen-der-parteien-zur-bundestagswahl-2021-die-regierungsbildung-kann-dauern-4831945.html","2021-09-17 03:10:03","RTL_PolitikInland_2021-09-17_03_10_03","RTL_PolitikInland","2021-09-17",1
"https://www.rtl.de/cms/polizei-schande-in-berlin-alarmhundertschaft-macht-liegestuetze-an-holocaust-denkmal-4858117.html","2021-11-03 02:00:02","RTL_News_2021-11-03_02_00_02","RTL_News","2021-11-03",1
"https://www.rtl.de/cms/neben-dem-spielturm-im-privatgarten-fliegerbombe-wird-in-kiel-entschaerft-4846596.html","2021-10-13 02:00:02","RTL_News_2021-10-13_02_00_02","RTL_News","2021-10-13",1
"https://www.spiegel.de/wissenschaft/natur/argentinien-forscher-finden-gigantischen-dinosaurier-friedhof-a-098cae54-e2b9-443d-a4c0-4f64aed7dc49#ref=rss","2021-10-22 16:26:02","spiegel_rssschlagz_2021-10-22_16_26_02","Spiegel_Schlagzeilen","2021-10-22",1
"https://www.tagesschau.de/wirtschaft/weltwirtschaft/iwf-weltbank-georgiewa-101.html","2021-10-12 09:56:02","ARD_Inland_2021-10-12_09_56_02","ARD_Inland","2021-10-12",1
"https://www.rtl.de/cms/ludwigsburg-mann-19-belaestigt-maedchen-16-und-versucht-ex-freundin-19-zu-vergewaltigen-4830839.html","2021-09-15 02:00:02","RTL_News_2021-09-15_02_00_02","RTL_News","2021-09-15",1
"https://www.zdf.de/nachrichten/heute-19-uhr/videos/tischtennis-em-cluj-frauen-gold-100.html","2021-10-04 01:30:02","ZDF_2021-10-04_01_30_02","ZDF_Standard","2021-10-04",1
"https://www.spiegel.de/kultur/tv/freud-von-marvin-kren-bei-zdfneo-auf-den-spuren-des-gehirnfickers-in-wien-a-7e388f20-59ff-447a-9e68-a83697287090#ref=rss","2021-10-30 16:26:02","spiegel_rssschlagz_2021-10-30_16_26_02","Spiegel_Schlagzeilen","2021-10-30",1
"https://www.tagesschau.de/wirtschaft/unternehmen/zertifizierer-blockieren-solarenergie-ausbau-101.html","2021-10-12 01:15:02","ARD_Ausland_2021-10-12_01_15_02","ARD_Ausland","2021-10-12",1
"https://www.spiegel.de/sport/fussball/wm-qualifikation-dfb-frauen-feiern-7-0-gegen-israel-kritik-fuer-die-ard-a-f2ea796c-d521-48fd-8065-4607cf193676#ref=rss","2021-10-26 20:26:02","spiegel_rssschlagz_2021-10-26_20_26_02","Spiegel_Schlagzeilen","2021-10-26",1
"https://www.tagesschau.de/inland/rki-wochenbericht-ansteckungen-101.html","2021-10-29 09:56:02","ARD_Inland_2021-10-29_09_56_02","ARD_Inland","2021-10-29",1
"https://www.spiegel.de/ausland/recep-tayipp-erdogan-und-der-fall-osman-kavala-mehr-teflon-wagen-kommentar-a-04046f06-cd81-4b3c-afc5-b9aa09776ff2#ref=rss","2021-10-25 18:26:02","spiegel_rssschlagz_2021-10-25_18_26_02","Spiegel_Schlagzeilen","2021-10-25",1
"https://www.n-tv.de/politik/Das-erste-seiner-Amter-ist-Laschet-los-article22883747.html","2021-10-24 08:40:02","NTV_Standard_2021-10-24_08_40_02","NTV_Standard","2021-10-24",1
"https://www.spiegel.de/wissenschaft/natur/berlin-museum-fuer-naturkunde-digitalisiert-tiersammlung-eine-biene-fuer-die-ewigkeit-a-64768dba-14fb-4ea4-8ed0-7011779d1f85#ref=rss","2021-10-25 06:00:02","spiegel_rssschlagz_2021-10-25_06_00_02","Spiegel_Schlagzeilen","2021-10-25",1
"https://www.welt.de/kultur/pop/plus234798842/Voyage-von-Abba-das-Comeback-Album-Eine-Analyse-aller-zehn-Songs.html","2021-11-05 07:17:02","welt_rssnews_2021-11-05_07_17_02","WELT_News","2021-11-05",1
"https://www.rtl.de/cms/7-tage-wettertrend-der-november-bringt-polarluft-regen-sturmboeen-kaelte-und-schnee-4452543.html","2021-10-31 02:00:06","RTL_News_2021-10-31_02_00_06","RTL_News","2021-10-31",1
"https://www.tagesschau.de/inland/innenpolitik/ampel-sondierungen-113.html","2021-10-13 01:15:02","ARD_Ausland_2021-10-13_01_15_02","ARD_Ausland","2021-10-13",1
"https://www.rtl.de/cms/prozess-um-unfall-mit-drei-toten-bei-hofheim-eltern-von-totem-floris-von-pallandt-18-trauern-4843995.html","2021-10-10 02:00:03","RTL_News_2021-10-10_02_00_03","RTL_News","2021-10-10",1
"https://www.welt.de/debatte/kommentare/plus233361985/Verschwoerung-Was-wird-aus-Querdenkern-wenn-Corona-vorbei-ist.html","2021-08-26 17:03:02","WELT_News_2021-08-26_17_03_02","WELT_News","2021-08-26",1
"https://www.rtl.de/cms/urteil-in-berlin-mehrfach-vergewaltiger-machen-gezielt-jagd-auf-junge-frauen-4825169.html","2021-09-06 02:00:03","RTL_News_2021-09-06_02_00_03","RTL_News","2021-09-06",1
"https://www.tagesschau.de/wirtschaft/unternehmen/wohnmobil-boom-hymer-101.html","2021-10-08 01:15:02","ARD_Ausland_2021-10-08_01_15_02","ARD_Ausland","2021-10-08",1
"https://www.welt.de/politik/deutschland/article235174586/Christian-Lindner-Mit-der-Absicht-antreten-gemeinsam-wiedergewaehlt-zu-werden.html","2021-11-20 07:21:02","WELT_Politik_2021-11-20_07_21_02","WELT_Politik","2021-11-20",1
"https://www.n-tv.de/politik/Ich-sehe-Verzweiflung-in-den-Augen-der-CDU-article22777147.html","2021-09-01 22:10:02","NTV_Standard_2021-09-01_22_10_02","NTV_Standard","2021-09-01",1
"https://www.welt.de/politik/deutschland/article233480430/Neuer-GDL-Streik-Bahn-empfiehlt-Reisenden-Vorziehen-von-Fahrten.html","2021-08-31 18:51:02","WELT_Politik_2021-08-31_18_51_02","WELT_Politik","2021-08-31",1
"https://www.tagesschau.de/ausland/us-missionare-haiti-entfuehrung-103.html","2021-10-18 01:15:02","ARD_Ausland_2021-10-18_01_15_02","ARD_Ausland","2021-10-18",1
"https://www.spiegel.de/kultur/literatur/nobelpreis-fuer-literatur-geht-an-abdulrazak-gurnah-a-6cda9b2a-1249-46e2-8259-4949f18573f6#ref=rss","2021-10-07 16:26:02","spiegel_rssschlagz_2021-10-07_16_26_02","Spiegel_Schlagzeilen","2021-10-07",1
"https://www.n-tv.de/politik/Die-Linke-streitet-sich-in-den-Abgrund-article22851136.html","2021-10-10 22:10:02","NTV_Standard_2021-10-10_22_10_02","NTV_Standard","2021-10-10",1
"https://www.rtl.de/cms/armin-laschet-vor-der-bundestagswahl-kann-der-cdu-chef-heute-noch-kanzler-werden-4821018.html","2021-09-27 03:10:03","RTL_PolitikInland_2021-09-27_03_10_03","RTL_PolitikInland","2021-09-27",1
"https://www.spiegel.de/panorama/leute/andrea-petkovic-ueber-sexismus-im-sport-immer-aufreizende-nachrichten-a-45aefbeb-2c72-4a32-9ebb-d1889ca2646a#ref=rss","2021-11-02 12:26:02","spiegel_rssschlagz_2021-11-02_12_26_02","Spiegel_Schlagzeilen","2021-11-02",1
"https://www.tagesschau.de/ausland/europa/la-palma-119.html","2021-10-22 01:15:02","ARD_Ausland_2021-10-22_01_15_02","ARD_Ausland","2021-10-22",1
"https://www.spiegel.de/ausland/libanon-sechs-tote-bei-protesten-gegen-ermittlungsrichter-in-beirut-a-285f1591-7bd8-4627-918e-cfc0c0202e91#ref=rss","2021-10-15 06:00:02","spiegel_rssschlagz_2021-10-15_06_00_02","Spiegel_Schlagzeilen","2021-10-15",1
"https://www.welt.de/politik/deutschland/article235111364/CDU-Kreisverband-gegen-Nominierung-von-Politikerin-Sie-will-es-fuer-sich.html","2021-11-17 17:51:02","WELT_Politik_2021-11-17_17_51_02","WELT_Politik","2021-11-17",1
"https://www.spiegel.de/geschichte/david-hasselhoff-ueber-sein-leben-und-deutschland-mein-erweckungserlebnis-war-rumpelstilzchen-a-a3a8c6eb-e2c6-491b-ac9a-d57a6e32af8e#ref=rss","2021-10-07 06:00:02","spiegel_rssschlagz_2021-10-07_06_00_02","Spiegel_Schlagzeilen","2021-10-07",1
"https://www.zdf.de/nachrichten/heute-sendungen/bundestagssitzung-wahlkampf-buchwald-video-100.html","2021-09-07 15:07:02","ZDF_2021-09-07_15_07_02","ZDF_Standard","2021-09-07",1
"https://www.rtl.de/cms/merkel-besucht-biden-am-15-juli-in-washington-4776311.html","2021-08-20 04:10:03","RTL_PolitikAusland_2021-08-20_04_10_03","RTL_PolitikAusland","2021-08-20",1
"https://www.zdf.de/nachrichten/zdf-morgenmagazin/kappel-hofft-auf-naechsten-goldstoss-100.html","2021-08-24 15:07:02","ZDF_2021-08-24_15_07_02","ZDF_Standard","2021-08-24",1
"https://www.spiegel.de/sport/fussball/fussball-quiz-wer-verpasste-wegen-einer-schiedsrichterbeleidigung-den-wm-titel-1974-a-701b84d4-6462-4976-8d0e-1b47528bcaf8#ref=rss","2021-10-07 13:26:02","spiegel_rssschlagz_2021-10-07_13_26_02","Spiegel_Schlagzeilen","2021-10-07",1
"https://www.welt.de/politik/deutschland/plus233416461/Robert-Habeck-Muessen-sehr-genau-hinschauen-wer-in-den-hier-ankommenden-Maschinen-sitzt.html","2021-08-28 19:51:02","WELT_Politik_2021-08-28_19_51_02","WELT_Politik","2021-08-28",1
"https://www.zdf.de/politik/berlin-direkt/berlin-direkt-clip-3-488.html","2021-11-22 08:30:02","ZDF_2021-11-22_08_30_02","ZDF_Standard","2021-11-22",1
"https://www.spiegel.de/netzwelt/gadgets/samsung-galaxy-z-flip3-bespoke-edition-ein-klapphandy-wie-ein-kuehlschrank-a-f173aa79-7576-4ed4-bd37-7962c1a61450#ref=rss","2021-10-20 17:26:02","spiegel_rssschlagz_2021-10-20_17_26_02","Spiegel_Schlagzeilen","2021-10-20",1
"https://www.spiegel.de/panorama/justiz/australien-cleo-smith-wirkt-nach-rettung-ausgeglichen-und-gluecklich-a-e5a39680-a4b1-436f-982e-bfd5b6782eeb#ref=rss","2021-11-04 10:26:02","spiegel_rssschlagz_2021-11-04_10_26_02","Spiegel_Schlagzeilen","2021-11-04",1
"https://www.tagesschau.de/ausland/amerika/usa-virginia-gouverneurswahl-youngkin-101.html","2021-11-03 09:56:02","ARD_Inland_2021-11-03_09_56_02","ARD_Inland","2021-11-03",1
"https://www.spiegel.de/panorama/mord-an-lehrerin-in-london-polizei-erwischt-dritten-tatverdaechtigen-im-mordfall-sabina-nessa-a-854c6b65-e98c-45d0-9ae6-c3a63bad540b#ref=rss","2021-09-26 10:26:02","spiegel_rssschlagz_2021-09-26_10_26_02","Spiegel_Schlagzeilen","2021-09-26",1
"https://www.spiegel.de/panorama/leute/john-lennon-unveroeffentlichter-song-in-kopenhagen-fuer-knapp-50-000-euro-versteigert-a-41ff931d-7e30-4214-a76a-d6e4523d6765#ref=rss","2021-09-29 10:26:02","spiegel_rssschlagz_2021-09-29_10_26_02","Spiegel_Schlagzeilen","2021-09-29",1
"https://www.spiegel.de/wirtschaft/service/sozialaemter-muessen-aelteren-menschen-keine-hoeheren-heizkosten-zahlen-a-f11b1a03-e648-4045-bffa-d9c27d21cb0e#ref=rss","2021-09-02 18:34:12","spiegel_rssschlagz_2021-09-02_18_34_12","Spiegel_Schlagzeilen","2021-09-02",1
"https://www.spiegel.de/wissenschaft/zirkel-der-genies-a-90c50289-30ac-4a4b-bc49-348676ce6687#ref=rss","2021-10-12 17:26:02","spiegel_rssschlagz_2021-10-12_17_26_02","Spiegel_Schlagzeilen","2021-10-12",1
"https://www.welt.de/wirtschaft/plus234734772/Corona-wird-Pandemie-Ungeimpfter-und-sorgt-fuer-erste-Ampelstoerung.html","2021-10-30 13:03:02","WELT_News_2021-10-30_13_03_02","WELT_News","2021-10-30",1
"https://www.spiegel.de/ausland/kevin-rudd-australiens-ex-premier-zum-konflikt-zwischen-china-und-dem-westen-a-9105face-913c-4d4f-9823-4ff6af007f5f#ref=rss","2021-09-24 16:26:03","spiegel_rssschlagz_2021-09-24_16_26_03","Spiegel_Schlagzeilen","2021-09-24",1
"https://www.n-tv.de/politik/Wir-brauchen-eine-Fortschrittserzaehlung-article22841015.html","2021-10-01 22:10:02","NTV_Standard_2021-10-01_22_10_02","NTV_Standard","2021-10-01",1
"https://www.spiegel.de/ausland/streit-ueber-atomprogramm-heiko-maas-spd-draengt-iran-zur-rueckkehr-an-den-verhandlungstisch-a-e30192e4-3c5a-4119-b260-9162bbef6ed5#ref=rss","2021-09-22 11:26:02","spiegel_rssschlagz_2021-09-22_11_26_02","Spiegel_Schlagzeilen","2021-09-22",1
"https://www.spiegel.de/wirtschaft/soziales/steuern-und-abgabenlast-ist-deutlich-gesunken-a-46726094-b67a-4634-b4ac-0bd6300f1b64#ref=rss","2021-10-11 13:26:02","spiegel_rssschlagz_2021-10-11_13_26_02","Spiegel_Schlagzeilen","2021-10-11",1
"https://zdfheute-stories-tap.zdf.de/urban_gardening_city_ffm","2021-08-21 15:07:02","ZDF_2021-08-21_15_07_02","ZDF_Standard","2021-08-21",1
"https://www.tagesschau.de/wirtschaft/weltwirtschaft/globale-mindeststeuer-irland-steuersatz-101.html","2021-10-09 09:56:02","ARD_Inland_2021-10-09_09_56_02","ARD_Inland","2021-10-09",1
"https://www.spiegel.de/politik/deutschland/karl-lauterbach-will-corona-impfzentren-wiedereroeffnen-a-1ad3eae3-f667-4ace-b730-d9437fc8869f#ref=rss","2021-10-31 06:30:02","spiegel_rsspolitik_2021-10-31_06_30_02","Spiegel_Politik","2021-10-31",1
"https://www.rtl.de/cms/johnson-corona-krankenschwester-kuendigt-job-wegen-mangelnden-respekts-4762313.html","2021-08-22 04:10:02","RTL_PolitikAusland_2021-08-22_04_10_02","RTL_PolitikAusland","2021-08-22",1
"https://www.rtl.de/cms/naechste-corona-welle-im-vormarsch-virologe-christian-drosten-sieht-gefahr-fuer-herbst-winter-4839472.html","2021-10-03 02:00:03","RTL_News_2021-10-03_02_00_03","RTL_News","2021-10-03",1
"https://www.spiegel.de/politik/deutschland/news-die-gruenen-fdp-polen-eu-corona-james-bond-daniel-craig-a-8107f33b-311a-47a5-b28b-b4c2a4ff8f83#ref=rss","2021-09-30 06:30:02","spiegel_rsspolitik_2021-09-30_06_30_02","Spiegel_Politik","2021-09-30",1
"https://www.welt.de/politik/ausland/article235223428/Reisewarnung-der-USA-Reisen-Sie-angesichts-von-Covid-19-nicht-nach-Deutschland.html","2021-11-23 12:51:02","WELT_Politik_2021-11-23_12_51_02","WELT_Politik","2021-11-23",1
"https://www.rtl.de/cms/coronavirus-liveticker-8-854-neuinfektionen-inzidenz-bei-64-4-4496453.html","2021-10-10 02:00:03","RTL_News_2021-10-10_02_00_03","RTL_News","2021-10-10",1
"https://www.zdf.de/nachrichten/zdf-morgenmagazin/champions-league-bvb-ajax-personalsorgen-100.html","2021-11-03 15:07:02","ZDF_2021-11-03_15_07_02","ZDF_Standard","2021-11-03",1
"https://www.tagesschau.de/wirtschaft/unternehmen/facebook-jugendliche-101.html","2021-10-26 09:56:02","ARD_Inland_2021-10-26_09_56_02","ARD_Inland","2021-10-26",1
"https://www.rtl.de/cms/kevelaer-geldautomatensprenger-wollen-augenzeugen-ueberfahren-4827197.html","2021-09-12 02:00:02","RTL_News_2021-09-12_02_00_02","RTL_News","2021-09-12",1
"https://www.welt.de/sport/formel1/article235050334/Formel-1-Hamiltons-triumphale-Aufholjagd-in-Sao-Paulo.html","2021-11-14 20:03:07","welt_rssnews_2021-11-14_20_03_07","WELT_News","2021-11-14",1
"https://www.spiegel.de/kultur/tv/sommerhaus-der-stars-lapidarer-smalltalk-ueber-toxische-beziehungen-a-30ab0026-e4fe-4638-8e59-18bc029eed2e#ref=rss","2021-10-08 16:26:02","spiegel_rssschlagz_2021-10-08_16_26_02","Spiegel_Schlagzeilen","2021-10-08",1
"https://www.zdf.de/sport/zdf-sportreportage/frauenfussball-gleichstellung-100.html","2021-10-18 08:30:02","ZDF_2021-10-18_08_30_02","ZDF_Standard","2021-10-18",1
"https://www.zdf.de/nachrichten/heute-sendungen/statement-sondierung-union-fdp-100.html","2021-10-04 08:30:02","ZDF_2021-10-04_08_30_02","ZDF_Standard","2021-10-04",1
"https://www.tagesschau.de/ausland/europa/synode-papst-kirche-101.html","2021-10-10 01:15:02","ARD_Ausland_2021-10-10_01_15_02","ARD_Ausland","2021-10-10",1
"https://www.n-tv.de/politik/2500-Mal-die-Note-fuenf-article22860743.html","2021-10-12 22:10:02","NTV_Standard_2021-10-12_22_10_02","NTV_Standard","2021-10-12",1
"https://www.tagesschau.de/wirtschaft/finanzen/marktberichte/dax-dollar-aktien-inflation-berichtssaison-dow-wti-oel-gold-101.html","2021-10-13 09:56:02","ARD_Inland_2021-10-13_09_56_02","ARD_Inland","2021-10-13",1
"https://www.welt.de/politik/deutschland/article235244388/Saarland-SPD-laut-Umfrage-staerkste-Kraft.html","2021-11-24 10:51:02","WELT_Politik_2021-11-24_10_51_02","WELT_Politik","2021-11-24",1
"https://www.spiegel.de/kultur/juergen-habermas-strukturwandel-der-oeffentlichkeit-in-der-2-0-version-a-2e683f52-3ccd-4985-a750-5e1a1823ad08#ref=rss","2021-10-28 21:26:02","spiegel_rssschlagz_2021-10-28_21_26_02","Spiegel_Schlagzeilen","2021-10-28",1
"https://www.spiegel.de/netzwelt/web/sebastian-kurz-auf-twitter-ganz-kurz-wieder-bundeskanzler-a-ccee3ec2-a2f9-4466-9b2c-826be3010028#ref=rss","2021-10-14 19:26:02","spiegel_rssschlagz_2021-10-14_19_26_02","Spiegel_Schlagzeilen","2021-10-14",1
"https://www.rtl.de/cms/die-4-welle-schlaegt-ein-offenbach-mit-hoechster-inzidenz-deutschlands-4828498.html","2021-09-12 02:00:02","RTL_News_2021-09-12_02_00_02","RTL_News","2021-09-12",1
"https://www.spiegel.de/ausland/jonathan-und-diana-toebbe-neue-spionage-enthuellungen-ueber-angeklagtes-us-ehepaar-a-b4e5a1bf-902a-4f10-9d0c-6cc1b82622c9#ref=rss","2021-10-24 10:26:02","spiegel_rssschlagz_2021-10-24_10_26_02","Spiegel_Schlagzeilen","2021-10-24",1
"https://www.welt.de/politik/deutschland/plus235219748/Booster-Impfungen-Spahns-Misskommunikation-koennte-gravierende-Folgen-haben.html","2021-11-22 20:03:02","WELT_News_2021-11-22_20_03_02","WELT_News","2021-11-22",1
"https://www.stern.de/politik/deutschland/prozess-um-kz-stutthof-kann-nicht-starten---96-jaehrige-taucht-unter-30788548.html?utm_campaign=alle-nachrichten&utm_medium=rss-feed&utm_source=standard","2021-09-30 11:08:02","stern_rssnews_2021-09-30_11_08_02","Stern_News","2021-09-30",1
"https://www.spiegel.de/panorama/justiz/norwegen-37-jaehriger-daene-toetete-fuenf-menschen-mit-pfeil-und-bogen-a-7a8e926f-b356-4949-b446-19d4b8c20c5d#ref=rss","2021-10-14 06:00:03","spiegel_rssschlagz_2021-10-14_06_00_03","Spiegel_Schlagzeilen","2021-10-14",1
"https://www.spiegel.de/familie/feminismus-warum-ich-als-feministin-pornos-gucke-a-6b9107e9-9f9a-44fc-a45f-deeec0e12149#ref=rss","2021-09-23 10:26:02","spiegel_rssschlagz_2021-09-23_10_26_02","Spiegel_Schlagzeilen","2021-09-23",1
"https://www.welt.de/wirtschaft/article235342110/Grossbritannien-Mangel-an-Busfahrern-groesser-als-angenommen-weil-sie-lieber-LKW-fahren.html","2021-11-29 10:03:02","WELT_News_2021-11-29_10_03_02","WELT_News","2021-11-29",1
"https://www.spiegel.de/wissenschaft/medizin/coronavirus-sieben-tage-inzidenz-steigt-auf-139-2-mehr-als-24-000-neuinfizierte-a-c8f52991-3002-44c2-a499-25b67d6deb34#ref=rss","2021-10-29 12:26:02","spiegel_rssschlagz_2021-10-29_12_26_02","Spiegel_Schlagzeilen","2021-10-29",1
"https://www.zdf.de/nachrichten/zdf-mittagsmagazin/corona-karneval-fasching-koeln-mainz-100.html","2021-11-11 15:07:02","ZDF_2021-11-11_15_07_02","ZDF_Standard","2021-11-11",1
"https://www.rtl.de/cms/papst-franziskus-naechste-absage-an-homosexuelle-keine-ehe-fuer-alle-in-der-kirche-4831620.html","2021-10-01 04:10:02","RTL_PolitikAusland_2021-10-01_04_10_02","RTL_PolitikAusland","2021-10-01",1
"https://www.tagesschau.de/inland/afghanistan-ramstein-usa-101.html","2021-10-31 01:15:02","ARD_Ausland_2021-10-31_01_15_02","ARD_Ausland","2021-10-31",1
"https://www.spiegel.de/auto/neue-bahnstrecke-ab-dezember-mit-dem-nachtzug-nach-paris-a-e6c90671-8399-4d6e-9b07-53a8778165f9#ref=rss","2021-09-29 12:26:02","spiegel_rssschlagz_2021-09-29_12_26_02","Spiegel_Schlagzeilen","2021-09-29",1
"https://www.spiegel.de/panorama/lessitschowo-in-bulgarien-fussballtrainer-stirbt-nach-blitzschlag-im-stadion-a-ad4da538-fb11-4f3b-b240-4851da511a3b#ref=rss","2021-08-30 20:26:12","spiegel_rssschlagz_2021-08-30_20_26_12","Spiegel_Schlagzeilen","2021-08-30",1
"https://www.stern.de/news/kalifornien-verbietet-heimliches-abziehen-von-kondom-bei-sex-30814776.html?utm_campaign=alle-nachrichten&utm_medium=rss-feed&utm_source=standard","2021-10-08 19:08:02","stern_rssnews_2021-10-08_19_08_02","Stern_News","2021-10-08",1
"https://www.rtl.de/cms/tote-babys-in-baden-wuerttemberg-zwei-sternenkinder-positiv-auf-corona-getestet-4827693.html","2021-09-10 02:00:03","RTL_News_2021-09-10_02_00_03","RTL_News","2021-09-10",1
"https://www.rtl.de/cms/hoehere-bussgelder-ab-herbst-diese-verstoesse-im-strassenverkehr-werden-bald-deutlich-teurer-4742548.html","2021-10-24 03:10:03","RTL_PolitikInland_2021-10-24_03_10_03","RTL_PolitikInland","2021-10-24",1
"https://www.spiegel.de/panorama/justiz/berlin-wahl-was-der-einspruch-der-berliner-landeswahlleiterin-bedeutet-a-f56b7597-c656-40eb-9f9c-6b5a68fadf1c#ref=rss","2021-10-14 19:26:02","spiegel_rssschlagz_2021-10-14_19_26_02","Spiegel_Schlagzeilen","2021-10-14",1
"https://www.tagesschau.de/kommentar/spahn-impfen-booster-101.html","2021-11-04 01:15:02","ARD_Ausland_2021-11-04_01_15_02","ARD_Ausland","2021-11-04",1
"https://www.spiegel.de/politik/deutschland/spd-fdp-gruene-so-starten-die-koalitionsverhandlungen-a-43dadbec-5b81-4375-a92c-6528e4a90c12#ref=rss","2021-10-21 15:25:02","spiegel_rsspolitik_2021-10-21_15_25_02","Spiegel_Politik","2021-10-21",1
"https://www.rtl.de/cms/mordprozess-in-muenchen-mann-soll-maenner-auf-kuechentisch-kastriert-haben-einer-starb-4856218.html","2021-10-29 02:00:02","RTL_News_2021-10-29_02_00_02","RTL_News","2021-10-29",1
"https://www.welt.de/regionales/sachsen/article235193990/Corona-Explosion-bei-Sachsens-Polizei-400-von-14-000-Beamten-infiziert.html","2021-11-21 20:51:02","WELT_Politik_2021-11-21_20_51_02","WELT_Politik","2021-11-21",1
"https://www.zdf.de/nachrichten/zdf-morgenmagazin/triathlon-um-die-welt-jonas-deichmann-100.html","2021-11-30 15:07:02","ZDF_2021-11-30_15_07_02","ZDF_Standard","2021-11-30",1
"https://www.rtl.de/cms/puettlingen-saarland-odette-almousa-20-verschwand-beim-einkaufen-familie-sucht-verzweifelt-4839584.html","2021-10-03 02:00:03","RTL_News_2021-10-03_02_00_03","RTL_News","2021-10-03",1
"https://www.zdf.de/nachrichten/heute-in-europa/eu-abgeordnete-besuchen-belarussische-grenze-100.html","2021-12-01 01:30:02","ZDF_2021-12-01_01_30_02","ZDF_Standard","2021-12-01",1
"https://www.welt.de/politik/ausland/plus234670322/Pandemie-Ende-Was-gegen-einen-Freedom-Day-spricht.html","2021-10-27 14:51:02","WELT_Politik_2021-10-27_14_51_02","WELT_Politik","2021-10-27",1
"https://www.zdf.de/nachrichten/zdf-morgenmagazin/handball-bundesliga-magdeburg-balingen-100.html","2021-09-24 15:07:02","ZDF_2021-09-24_15_07_02","ZDF_Standard","2021-09-24",1
"https://www.rtl.de/cms/daenemark-regierung-will-einwanderer-zur-arbeit-verpflichten-aus-diesen-gruenden-4827203.html","2021-09-29 04:10:03","RTL_PolitikAusland_2021-09-29_04_10_03","RTL_PolitikAusland","2021-09-29",1
"https://www.mdr.de/nachrichten/sachsen/chemnitz/zwickau/wahl-plakat-dritter-weg-gericht-ovg-entscheidung-100.html","2021-09-22 01:15:02","ARD_Ausland_2021-09-22_01_15_02","ARD_Ausland","2021-09-22",1
"https://www.zdf.de/nachrichten/heute-19-uhr/fussball-champions-league-auftakt-bayern-gegen-barcelona-100.html","2021-09-14 08:30:02","ZDF_2021-09-14_08_30_02","ZDF_Standard","2021-09-14",1
"https://www.rtl.de/cms/nach-hochwasser-katastrophe-von-ahrweiler-polizist-landet-bestseller-mit-seinen-flut-memoiren-4853537.html","2021-10-25 02:00:05","RTL_News_2021-10-25_02_00_05","RTL_News","2021-10-25",1
"https://www.welt.de/politik/deutschland/plus234193236/Hans-Juergen-Papier-Vertrauen-in-Handlungsfaehigkeit-des-Staates-erschuettert.html","2021-10-05 17:03:02","WELT_News_2021-10-05_17_03_02","WELT_News","2021-10-05",1
"https://www.spiegel.de/panorama/gesellschaft/k-o-tropfen-aus-der-kanuele-a-d76ce467-d510-4e9d-8f02-740c07ea60dc#ref=rss","2021-10-24 18:26:02","spiegel_rssschlagz_2021-10-24_18_26_02","Spiegel_Schlagzeilen","2021-10-24",1
"https://www.spiegel.de/wissenschaft/natur/oekologischer-pfotenabdruck-hunde-und-katzen-sind-schlimme-klimasuender-a-13db9066-aa6f-45dd-831a-57031dae29da#ref=rss","2021-10-14 20:26:02","spiegel_rssschlagz_2021-10-14_20_26_02","Spiegel_Schlagzeilen","2021-10-14",1
"https://www.spiegel.de/netzwelt/netzpolitik/bitcoin-usa-sind-neue-nummer-eins-beim-schuerfen-a-6d122dde-85b4-4de2-bee1-247ee3d19c7b#ref=rss","2021-10-14 19:26:02","spiegel_rssschlagz_2021-10-14_19_26_02","Spiegel_Schlagzeilen","2021-10-14",1
"https://www.spiegel.de/sport/fussball/wm-quali-deutschland-schlaegt-rumaenien-nach-rueckstand-a-f47969c4-9fd9-4722-ac31-a9bf546ca88b#ref=rss","2021-10-09 06:00:02","spiegel_rssschlagz_2021-10-09_06_00_02","Spiegel_Schlagzeilen","2021-10-09",1
"https://www.tagesschau.de/inland/sondierungen-ampel-vertiefung-101.html","2021-10-11 09:56:02","ARD_Inland_2021-10-11_09_56_02","ARD_Inland","2021-10-11",1
"https://www.spiegel.de/wissenschaft/medizin/nobelpreis-warum-die-fehldende-auszeichnung-fuer-mrna-impfstoffe-ein-fatales-signal-ist-kommentar-a-780dd95e-7bda-4697-93bc-6d0f3ebd7e14#ref=rss","2021-10-07 17:26:02","spiegel_rssschlagz_2021-10-07_17_26_02","Spiegel_Schlagzeilen","2021-10-07",1
"https://www.spiegel.de/wirtschaft/iwf-chefin-kristalina-georgieva-bleibt-trotz-manipulations-vorwuerfen-im-amt-a-9ead1c6e-5867-4a2d-8da1-0fff49f6f242#ref=rss","2021-10-12 10:26:02","spiegel_rssschlagz_2021-10-12_10_26_02","Spiegel_Schlagzeilen","2021-10-12",1
"https://www.welt.de/kaufberatung/angebote-und-aktionen/article235216564/Black-Friday-Angebote-bei-Amazon-Co-Die-Finalen-Deals.html","2021-11-28 14:03:02","WELT_News_2021-11-28_14_03_02","WELT_News","2021-11-28",1
"https://www.n-tv.de/politik/Nawalny-mit-Sacharow-Preis-ausgezeichnet-article22877287.html","2021-10-21 15:15:02","NTV_Standard_2021-10-21_15_15_02","NTV_Standard","2021-10-21",1
"https://www.zdf.de/sport/zdf-sportreportage/martina-voss-tecklenburg-frauenfussball-wm-qualifikation-100.html","2021-09-20 08:30:02","ZDF_2021-09-20_08_30_02","ZDF_Standard","2021-09-20",1
"https://www.spiegel.de/wirtschaft/service/dieselpreis-steigt-auf-rekordhoch-in-deutschland-a-bd95d396-62f7-4612-8878-468bb0ca40fd#ref=rss","2021-10-18 13:26:02","spiegel_rssschlagz_2021-10-18_13_26_02","Spiegel_Schlagzeilen","2021-10-18",1
"https://www.welt.de/vermischtes/article234808348/Elon-Musk-Tesla-Koennte-sein-Vermoegen-den-Welthunger-wirklich-besiegen.html","2021-11-03 17:03:02","welt_rssnews_2021-11-03_17_03_02","WELT_News","2021-11-03",1
"https://www.n-tv.de/politik/Beitrittskandidaten-koennen-weiter-hoffen-article22846557.html","2021-10-05 15:15:02","NTV_Standard_2021-10-05_15_15_02","NTV_Standard","2021-10-05",1
"https://www.spiegel.de/panorama/justiz/dresden-was-meinen-sie-mit-dem-wahren-deutschland-npd-mann-als-zeuge-im-prozess-gegen-lina-e-a-cfe25927-d078-4f68-a55f-875b8f4e7a9d#ref=rss","2021-10-07 21:26:02","spiegel_rssschlagz_2021-10-07_21_26_02","Spiegel_Schlagzeilen","2021-10-07",1
"https://www.welt.de/politik/ausland/article234792366/Frankreich-500-Euro-fuer-junge-Arbeitslose.html","2021-11-02 14:03:02","welt_rssnews_2021-11-02_14_03_02","WELT_News","2021-11-02",1
"https://www.zdf.de/nachrichten/zdfheute-live/corona-impfung-kinder-ema-biontech-video-100.html","2021-11-26 01:30:02","ZDF_2021-11-26_01_30_02","ZDF_Standard","2021-11-26",1
"https://www.welt.de/podcasts/alles-auf-aktien/article235126672/Neue-Corona-Welle-diese-Aktien-koennten-jetzt-wieder-spannend-sein.html","2021-11-18 07:17:02","WELT_News_2021-11-18_07_17_02","WELT_News","2021-11-18",1
"https://www.welt.de/politik/ausland/article235340776/Ukraine-Wenn-man-ehrlich-ist-kann-man-diese-Pipeline-nicht-bauen.html","2021-11-29 19:51:02","WELT_Politik_2021-11-29_19_51_02","WELT_Politik","2021-11-29",1
"https://www.tagesschau.de/wirtschaft/weltwirtschaft/tuerkei-inflationsrate-20-prozent-verbraucherpreise-erdogan-zinsen-101.html","2021-11-03 09:56:02","ARD_Inland_2021-11-03_09_56_02","ARD_Inland","2021-11-03",1
"https://www.spiegel.de/kultur/tv/lol-last-one-laughing-amazon-plant-dritte-staffel-a-52a58b65-2cc6-4e26-ad32-145e5041fbdd#ref=rss","2021-09-27 18:26:02","spiegel_rssschlagz_2021-09-27_18_26_02","Spiegel_Schlagzeilen","2021-09-27",1
"https://www.tagesschau.de/ausland/europa/nobelpreis-chemie-163.html","2021-10-07 01:15:02","ARD_Ausland_2021-10-07_01_15_02","ARD_Ausland","2021-10-07",1
"https://www.welt.de/podcasts/article234651358/Attentat-in-Norwegen-Wer-ist-Anders-Behring-Breivik-Podcast.html","2021-11-04 16:03:02","welt_rssnews_2021-11-04_16_03_02","WELT_News","2021-11-04",1
"https://www.spiegel.de/gesundheit/corona-impfung-fuer-kinder-warum-ich-geduldig-auf-die-empfehlung-der-stiko-warte-a-1467a63a-4e4a-461d-8914-e1607f5ec3ed#ref=rss","2021-10-27 20:26:02","spiegel_rssschlagz_2021-10-27_20_26_02","Spiegel_Schlagzeilen","2021-10-27",1
"https://www.tagesschau.de/ausland/syrien-verfassung-gespraeche-101.html","2021-10-18 09:56:02","ARD_Inland_2021-10-18_09_56_02","ARD_Inland","2021-10-18",1
"https://www.welt.de/politik/ausland/article234829530/COP26-China-fuer-31-Prozent-der-globalen-CO2-Emissionen-verantwortlich.html","2021-11-04 11:51:02","welt_rsspolitik_2021-11-04_11_51_02","WELT_Politik","2021-11-04",1
"https://www.spiegel.de/politik/deutschland/afghanistan-grosser-zapfenstreich-fuer-soldatinnen-und-soldaten-der-bundeswehr-a-0112f029-1f41-4bdd-b2e4-183b2b054f4d#ref=rss","2021-10-13 22:30:02","spiegel_rsspolitik_2021-10-13_22_30_02","Spiegel_Politik","2021-10-13",1
"https://www.zdf.de/sport/das-aktuelle-sportstudio/interview-gulasci-silva-reis-rb-leipzig-vfl-bochum-100.html","2021-10-05 08:30:02","ZDF_2021-10-05_08_30_02","ZDF_Standard","2021-10-05",1
"https://www.rtl.de/cms/koalitionen-vor-bundestagswahl-linken-chefin-katja-kipping-stoesst-tuer-fuer-rot-rot-gruen-auf-4827924.html","2021-09-15 03:10:06","RTL_PolitikInland_2021-09-15_03_10_06","RTL_PolitikInland","2021-09-15",1
"https://www.spiegel.de/panorama/bildung/angst-vor-dem-zahnarzt-was-eltern-beachten-muessen-a-49022097-8600-41a5-a15a-3d8580d9b6f9#ref=rss","2021-10-15 06:00:02","spiegel_rssschlagz_2021-10-15_06_00_02","Spiegel_Schlagzeilen","2021-10-15",1
"https://www.stern.de/panorama/klimawandel--unicef-sieht-eine-milliarde-kinder-extrem-gefaehrdet-30669550.html?utm_campaign=alle-nachrichten&utm_medium=rss-feed&utm_source=standard","2021-08-20 13:55:05","stern_rssnews_2021-08-20_13_55_05","Stern_News","2021-08-20",1
"https://www.tagesschau.de/wirtschaft/weltwirtschaft/macron-frankreich-milliarden-101.html","2021-10-13 01:15:02","ARD_Ausland_2021-10-13_01_15_02","ARD_Ausland","2021-10-13",1
"https://www.zdf.de/nachrichten/heute-sendungen/waldbrand-spanien-video-100.html","2021-09-10 08:30:02","ZDF_2021-09-10_08_30_02","ZDF_Standard","2021-09-10",1
"https://www.stern.de/sport/fussball/juve-star-leonardo-bonucci--deshalb-lief-es-mit-cristiano-ronaldo-schlechter-30787428.html?utm_campaign=alle-nachrichten&utm_medium=rss-feed&utm_source=standard","2021-09-30 01:45:02","stern_rssnews_2021-09-30_01_45_02","Stern_News","2021-09-30",1
"https://www.stern.de/politik/deutschland/erste-gespraeche--ampel-oder-jamaika--nun-machen-die-groesseren-parteien-angebote-30798270.html?utm_campaign=alle-nachrichten&utm_medium=rss-feed&utm_source=standard","2021-10-04 01:45:02","stern_rssnews_2021-10-04_01_45_02","Stern_News","2021-10-04",1
"https://www.n-tv.de/politik/Angst-um-das-Leben-von-Assange-article22891709.html","2021-10-28 15:15:02","NTV_Standard_2021-10-28_15_15_02","NTV_Standard","2021-10-28",1
"https://www.zdf.de/nachrichten/heute-journal-update/situation-verschlimmert-sich-100.html","2021-11-24 01:30:02","ZDF_2021-11-24_01_30_02","ZDF_Standard","2021-11-24",1
"https://www.stern.de/kultur/film/exklusive-szene--moritz-bleibtreu-und-lars-eidinger-in--faking-hitler--30970644.html?utm_campaign=alle-nachrichten&utm_medium=rss-feed&utm_source=standard","2021-11-29 19:08:02","stern_rssnews_2021-11-29_19_08_02","Stern_News","2021-11-29",1
"https://www.stern.de/reise/fernreisen/waldorf-astoria-new-ork-city-30785554.html?utm_campaign=alle-nachrichten&utm_medium=rss-feed&utm_source=standard","2021-10-01 11:08:02","stern_rssnews_2021-10-01_11_08_02","Stern_News","2021-10-01",1
"https://www.welt.de/politik/ausland/article234676490/EuGH-verurteilt-Polen-zur-Zahlung-von-Zwangsgeld-Eine-Million-Euro-taeglich.html","2021-10-27 14:51:02","WELT_Politik_2021-10-27_14_51_02","WELT_Politik","2021-10-27",1
"https://www.spiegel.de/wissenschaft/corona-rumaenien-leidet-unter-vierter-covid-19-welle-a-3d926a7b-9014-445d-abac-3bcf6105898d#ref=rss","2021-10-08 19:26:02","spiegel_rssschlagz_2021-10-08_19_26_02","Spiegel_Schlagzeilen","2021-10-08",1
"https://www.welt.de/politik/deutschland/article233491016/Friedrich-Merz-Bin-ueberzeugt-die-Bevoelkerung-will-keine-linke-Regierung.html","2021-08-31 18:51:02","WELT_Politik_2021-08-31_18_51_02","WELT_Politik","2021-08-31",1
"https://www.spiegel.de/ausland/britisches-kriegsschiff-faehrt-durch-umstrittene-strasse-von-taiwan-a-a7865845-cc4a-453b-b555-dbe006f7aada#ref=rss","2021-09-27 18:26:02","spiegel_rssschlagz_2021-09-27_18_26_02","Spiegel_Schlagzeilen","2021-09-27",1
"https://www.spiegel.de/panorama/mexiko-feiert-den-tag-der-toten-parade-in-der-hauptstadt-a-9db9f86b-77b8-4440-8b8f-11d642c6645f#ref=rss","2021-11-01 10:26:02","spiegel_rssschlagz_2021-11-01_10_26_02","Spiegel_Schlagzeilen","2021-11-01",1
"https://www.rtl.de/cms/debakel-bei-bundestagswahl-cdu-chef-armin-laschet-raeumt-volle-verantwortung-ein-4849323.html","2021-10-18 02:00:02","RTL_News_2021-10-18_02_00_02","RTL_News","2021-10-18",1
"https://www.spiegel.de/panorama/justiz/attentat-auf-ronald-reagan-gericht-stellt-taeter-john-hinckley-bedingungslose-freilassung-in-aussicht-a-ef46bcc4-95fa-404a-97cc-caab1dc94753#ref=rss","2021-09-28 06:00:02","spiegel_rssschlagz_2021-09-28_06_00_02","Spiegel_Schlagzeilen","2021-09-28",1
"https://www.n-tv.de/politik/EU-schlaegt-Laendern-Massnahmen-vor-article22862023.html","2021-10-13 15:15:02","NTV_Standard_2021-10-13_15_15_02","NTV_Standard","2021-10-13",1
"https://www.spiegel.de/politik/deutschland/bundestagswahl-2021-wie-desinformation-den-wahlkampf-beeinflusst-podcast-a-6358ec5f-f640-4f3a-bf3b-5acb65360755#ref=rss","2021-09-22 06:30:02","spiegel_rsspolitik_2021-09-22_06_30_02","Spiegel_Politik","2021-09-22",1
"https://www.welt.de/wirtschaft/article233272905/Vapianos-Auferstehung-Restaurantkette-gelingt-beachtliches-Comeback.html","2021-08-21 07:17:02","WELT_News_2021-08-21_07_17_02","WELT_News","2021-08-21",1
"https://www.tagesschau.de/regional/nordrheinwestfalen/nachruf-gerd-ruge-101.html","2021-10-17 09:56:02","ARD_Inland_2021-10-17_09_56_02","ARD_Inland","2021-10-17",1
"https://www.zdf.de/nachrichten/heute-sendungen/hongkong-protest-festnahmen-video-100.html","2021-09-09 01:30:02","ZDF_2021-09-09_01_30_02","ZDF_Standard","2021-09-09",1
"https://www.spiegel.de/ausland/moldaus-regierungschefin-natalia-gavrilita-wir-waren-schon-immer-europaeer-unser-platz-ist-in-der-eu-a-43e861a4-7da9-4986-ba93-1cfd2404f85d#ref=rss","2021-09-30 21:26:02","spiegel_rssschlagz_2021-09-30_21_26_02","Spiegel_Schlagzeilen","2021-09-30",1
"https://www.n-tv.de/politik/Kurz-Ruecktritt-beendet-Osterreichs-Regierungskrise-article22856784.html","2021-10-10 08:40:02","NTV_Standard_2021-10-10_08_40_02","NTV_Standard","2021-10-10",1
"https://www.tagesschau.de/inland/innenpolitik/nrw-wuest-wahlkampf-101.html","2021-11-04 01:15:02","ARD_Ausland_2021-11-04_01_15_02","ARD_Ausland","2021-11-04",1
"https://www.tagesschau.de/inland/ard-angebot-101.html","2021-10-16 09:56:02","ARD_Inland_2021-10-16_09_56_02","ARD_Inland","2021-10-16",1
"https://www.tagesschau.de/wirtschaft/treibhausgas-hoechststand-101.html","2021-10-26 01:15:02","ARD_Ausland_2021-10-26_01_15_02","ARD_Ausland","2021-10-26",1
"https://www.spiegel.de/wirtschaft/service/kampf-gegen-muell-hamburger-zoll-beschlagnahmt-plastik-strohhalme-und-einweg-becher-a-8852a30c-8bf1-4951-95d8-4959dde6bc22#ref=rss","2021-09-24 11:26:02","spiegel_rssschlagz_2021-09-24_11_26_02","Spiegel_Schlagzeilen","2021-09-24",1
"https://www.spiegel.de/wissenschaft/mensch/hurrikane-globale-erwaermung-um-zwei-grad-erhoeht-wirbelsturm-gefahr-betraechtlich-a-9b49e2ff-ac8e-4003-a685-89cd1c0f98e7#ref=rss","2021-09-28 12:26:02","spiegel_rssschlagz_2021-09-28_12_26_02","Spiegel_Schlagzeilen","2021-09-28",1
"https://www.spiegel.de/auto/hyundai-bayon-im-video-test-nichts-fuer-angeber-a-3e207cfa-12bb-472a-9639-ce477552b9b3#ref=rss","2021-10-31 10:26:02","spiegel_rssschlagz_2021-10-31_10_26_02","Spiegel_Schlagzeilen","2021-10-31",1
"https://www.zdf.de/sport/das-aktuelle-sportstudio/interview-fredi-bobic-hertha-bsc-moenchengladbach-bundesliga-100.html","2021-10-24 15:07:02","ZDF_2021-10-24_15_07_02","ZDF_Standard","2021-10-24",1
"https://www.welt.de/reise/Fern/article234824978/Thailand-Sangkhlaburi-ist-ein-Geheimtipp-im-Westen-des-Landes.html","2021-11-05 11:03:02","welt_rssnews_2021-11-05_11_03_02","WELT_News","2021-11-05",1
"https://www.spiegel.de/wissenschaft/mensch/agora-energiewende-so-erreicht-deutschland-seine-klimaziele-a-769fc19e-c8bc-4f95-b6ec-ea24c6aacbbb#ref=rss","2021-08-30 17:26:14","spiegel_rssschlagz_2021-08-30_17_26_14","Spiegel_Schlagzeilen","2021-08-30",1
"https://www.stern.de/news/deutschland-erlebte-regenreichsten-sommer-seit-zehn-jahren--30695872.html?utm_campaign=alle-nachrichten&utm_medium=rss-feed&utm_source=standard","2021-08-30 14:55:07","stern_rssnews_2021-08-30_14_55_07","Stern_News","2021-08-30",1
"https://www.mdr.de/nachrichten/sachsen-anhalt/stendal/salzwedel/corona-ausbruch-pflegeheim-tote-100.html","2021-11-04 01:15:02","ARD_Ausland_2021-11-04_01_15_02","ARD_Ausland","2021-11-04",1
"https://www.zdf.de/nachrichten/zdf-morgenmagazin/bayern-basketball-erreicht-pokal-viertelfinale-100.html","2021-10-05 08:30:02","ZDF_2021-10-05_08_30_02","ZDF_Standard","2021-10-05",1
"https://www.tagesschau.de/wirtschaft/unternehmen/tesla-hertz-101.html","2021-11-03 01:15:02","ARD_Ausland_2021-11-03_01_15_02","ARD_Ausland","2021-11-03",1
"https://www.welt.de/politik/ausland/plus235373774/Grossbritannien-Fast-doppelt-so-viele-Booster-Shots-wie-in-Deutschland.html","2021-11-30 18:51:02","WELT_Politik_2021-11-30_18_51_02","WELT_Politik","2021-11-30",1
"https://www.spiegel.de/ausland/israel-premier-naftali-bennett-und-die-wichtige-budgetabstimmung-in-der-knesset-a-e089b5df-533b-418a-be14-31ccc3fb975c#ref=rss","2021-11-04 12:26:02","spiegel_rssschlagz_2021-11-04_12_26_02","Spiegel_Schlagzeilen","2021-11-04",1
"https://www.welt.de/politik/ausland/article235245828/Russland-Nawalny-klagt-gegen-Haftbedingungen-in-Straflager.html","2021-11-24 11:03:02","WELT_News_2021-11-24_11_03_02","WELT_News","2021-11-24",1
"https://www.rtl.de/cms/usa-das-unsichtbare-monster-aus-dem-wasserhahn-viele-amerikaner-ohne-sauberes-trinkwasser-4771598.html","2021-08-20 04:10:03","RTL_PolitikAusland_2021-08-20_04_10_03","RTL_PolitikAusland","2021-08-20",1
"https://www.welt.de/politik/deutschland/article235129128/Bundestag-Ich-find-s-einfach-laecherlich-sagt-CDU-Politiker-Frei.html","2021-11-18 11:51:02","WELT_Politik_2021-11-18_11_51_02","WELT_Politik","2021-11-18",1
"https://www.spiegel.de/panorama/justiz/boehmerwald-wie-ein-wildhueter-die-vermisste-achtjaehrige-fand-a-8294c86c-43ca-4a73-8cb5-18d85182d136#ref=rss","2021-10-12 20:26:02","spiegel_rssschlagz_2021-10-12_20_26_02","Spiegel_Schlagzeilen","2021-10-12",1
"https://www.n-tv.de/politik/Wuest-vertraut-auf-hauchduenne-Mehrheit-article22849453.html","2021-10-06 22:10:02","NTV_Standard_2021-10-06_22_10_02","NTV_Standard","2021-10-06",1
"https://www.tagesschau.de/ausland/amerika/nasa-iss-maurer-start-verschiebung-101.html","2021-11-02 09:56:02","ARD_Inland_2021-11-02_09_56_02","ARD_Inland","2021-11-02",1
"https://www.n-tv.de/politik/Opposition-will-weitere-Koepfe-rollen-sehen-article22859686.html","2021-10-12 15:15:02","NTV_Standard_2021-10-12_15_15_02","NTV_Standard","2021-10-12",1
"https://www.zdf.de/nachrichten/heute-sendungen/brexit-versorgungsengpass-lkw-video-100.html","2021-09-13 15:07:02","ZDF_2021-09-13_15_07_02","ZDF_Standard","2021-09-13",1
"https://www.welt.de/politik/deutschland/article233283467/Mann-mit-Kippa-in-Koeln-angegriffen-Verdaechtige-festgenommen.html","2021-08-23 10:51:02","WELT_Politik_2021-08-23_10_51_02","WELT_Politik","2021-08-23",1
"https://www.spiegel.de/ausland/coronavirus-grossbritannien-rechnet-mit-bis-zu-100-000-neuinfektionen-pro-tag-a-9b69794f-a174-4a5c-9d03-59c4f7f854a5#ref=rss","2021-10-20 21:26:02","spiegel_rssschlagz_2021-10-20_21_26_02","Spiegel_Schlagzeilen","2021-10-20",1
"https://www.welt.de/vermischtes/plus235329732/Unzensiert-Schon-zu-Beginn-raeumt-die-Bushido-Doku-mit-einem-Mythos-auf.html","2021-11-28 14:03:02","WELT_News_2021-11-28_14_03_02","WELT_News","2021-11-28",1
"https://www.spiegel.de/sport/fussball/fc-barcelona-ruft-fuer-jungstar-pedri-1-000-000-000-euro-abloesesumme-auf-a-3c83791e-33fc-40ef-97ba-8ef21910f5d7#ref=rss","2021-10-14 19:26:02","spiegel_rssschlagz_2021-10-14_19_26_02","Spiegel_Schlagzeilen","2021-10-14",1
"https://www.spiegel.de/panorama/justiz/trier-schwerverletzter-mann-stirbt-elf-monate-nach-amokfahrt-a-18dcbd20-c2b8-4673-8d1d-bef0b535c68f#ref=rss","2021-10-25 12:26:02","spiegel_rssschlagz_2021-10-25_12_26_02","Spiegel_Schlagzeilen","2021-10-25",1
"https://www.welt.de/sport/plus234803172/Joshua-Kimmich-Meinungsstark-keinem-Konflikt-aus-dem-Weg-gehend.html","2021-11-04 17:03:02","welt_rssnews_2021-11-04_17_03_02","WELT_News","2021-11-04",1
"https://sportschau.ndr.de/tokio2020/paralympics/nachrichten/Miller-und-Teuber-tragen-die-deutsche-Fahne-bei-Paralympics-Eroeffnung,paralympics2694.html","2021-08-24 01:15:02","ARD_Ausland_2021-08-24_01_15_02","ARD_Ausland","2021-08-24",1
"https://www.rtl.de/cms/bis-nikolaus-ist-alles-durch-zur-ampel-gibt-es-keine-sinnvolle-alternative-4855421.html","2021-10-29 03:10:02","RTL_PolitikInland_2021-10-29_03_10_02","RTL_PolitikInland","2021-10-29",1
"https://www.spiegel.de/geschichte/checkpoint-charlie-berlin-1961-die-panzer-standen-sich-schussbereit-gegenueber-a-fe868fdf-18cc-4603-bd4e-3f60fe69a393#ref=rss","2021-10-27 13:26:02","spiegel_rssschlagz_2021-10-27_13_26_02","Spiegel_Schlagzeilen","2021-10-27",1
"https://www.welt.de/gesundheit/article235343398/Omikron-WHO-schaetzt-Risiko-der-Corona-Variante-als-sehr-hoch-ein.html","2021-11-29 10:03:02","WELT_News_2021-11-29_10_03_02","WELT_News","2021-11-29",1
"https://www.spiegel.de/wissenschaft/schinderhannes-hannikel-fetzer-so-grausam-lebten-und-starben-beruehmte-deutsche-raeuber-a-da7cd782-946c-46c6-96a2-ac1df01c4822#ref=rss","2021-10-19 06:00:02","spiegel_rssschlagz_2021-10-19_06_00_02","Spiegel_Schlagzeilen","2021-10-19",1
"https://www.tagesschau.de/inland/start-koalitionsverhandlungen-103.html","2021-10-22 01:15:02","ARD_Ausland_2021-10-22_01_15_02","ARD_Ausland","2021-10-22",1
"https://www.welt.de/food/essen/plus234983164/Knusprig-salzig-sauer-Der-verblueffend-einfache-Trick-fuer-eine-bessere-Bratkartoffel.html","2021-11-17 10:03:02","WELT_News_2021-11-17_10_03_02","WELT_News","2021-11-17",1
"https://www.stern.de/panorama/regional/minister--forderung-fuer-landesbeschaeftigte-ueberzogen-30702414.html?utm_campaign=alle-nachrichten&utm_medium=rss-feed&utm_source=standard","2021-09-01 14:55:07","stern_rssnews_2021-09-01_14_55_07","Stern_News","2021-09-01",1
"https://www.welt.de/politik/deutschland/plus234511574/Joy-Alemazung-wird-Buergermeister-Das-ist-fuer-mich-konservativ.html","2021-10-21 13:51:02","WELT_Politik_2021-10-21_13_51_02","WELT_Politik","2021-10-21",1
"https://www.rtl.de/cms/horror-unfall-auf-a26-bei-bei-stade-zwei-tote-nach-geisterfahrer-crash-4841830.html","2021-10-06 02:00:03","RTL_News_2021-10-06_02_00_03","RTL_News","2021-10-06",1
"https://www.welt.de/politik/deutschland/article235114140/Corona-Politik-macht-sich-unglaubwuerdig-wenn-doch-ein-Lockdown-veranlasst-wird.html","2021-11-17 20:51:03","WELT_Politik_2021-11-17_20_51_03","WELT_Politik","2021-11-17",1
"https://www.welt.de/politik/ausland/plus234813470/Duerren-und-Hitzewellen-Bringt-der-Kampf-gegen-den-Klimawandel-Frieden-in-den-Nahen-Osten.html","2021-11-03 16:03:02","welt_rssnews_2021-11-03_16_03_02","WELT_News","2021-11-03",1
"https://www.tagesschau.de/ausland/afrika/madagaskar-117.html","2021-10-17 01:15:02","ARD_Ausland_2021-10-17_01_15_02","ARD_Ausland","2021-10-17",1
"https://www.spiegel.de/panorama/justiz/fall-sabina-nessa-verdaechtiger-nach-mord-an-junger-lehrerin-angeklagt-a-52f53568-97da-4c68-83f1-eb38e3865a7d#ref=rss","2021-09-28 06:00:02","spiegel_rssschlagz_2021-09-28_06_00_02","Spiegel_Schlagzeilen","2021-09-28",1
"https://www.zdf.de/nachrichten/zdf-morgenmagazin/wahlkampfendspurt-der-kanzlerkandidaten-baerbock-scholz-kanzlerin-laschet-100.html","2021-09-22 15:07:02","ZDF_2021-09-22_15_07_02","ZDF_Standard","2021-09-22",1
"https://www.welt.de/kultur/article235071880/30-von-Adele-Manche-nennen-es-Melancholie-die-Albumkritik.html","2021-11-17 10:03:02","WELT_News_2021-11-17_10_03_02","WELT_News","2021-11-17",1
"https://www.zdf.de/nachrichten/heute-19-uhr/venezuela-flucht-kolumbien-video-100.html","2021-09-05 08:30:02","ZDF_2021-09-05_08_30_02","ZDF_Standard","2021-09-05",1
"https://www.tagesschau.de/investigativ/test-express-109.html","2021-10-18 09:56:02","ARD_Inland_2021-10-18_09_56_02","ARD_Inland","2021-10-18",1
"https://www.spiegel.de/ausland/philippinen-sara-duterte-koennte-ihren-vater-beerben-a-cbb09ebb-5a77-4c90-a049-a4e9931f3e53#ref=rss","2021-10-03 14:26:02","spiegel_rssschlagz_2021-10-03_14_26_02","Spiegel_Schlagzeilen","2021-10-03",1
"https://www.spiegel.de/politik/fall-idar-oberstein-innenpolitiker-geben-afd-mitschuld-an-radikalisierung-der-querdenker-bewegung-a-7b70511b-5847-47d8-b0bf-03416a541ad9#ref=rss","2021-09-23 06:30:02","spiegel_rsspolitik_2021-09-23_06_30_02","Spiegel_Politik","2021-09-23",1
"https://www.spiegel.de/wirtschaft/unternehmen/springer-entbindet-bild-chefredakteur-julian-reichelt-von-seinen-aufgaben-a-6e212770-0fa4-481c-84b3-d6fd269f0757#ref=rss","2021-10-18 19:26:02","spiegel_rssschlagz_2021-10-18_19_26_02","Spiegel_Schlagzeilen","2021-10-18",1
"https://www.rtl.de/cms/mutmasslicher-missbrauch-in-berliner-kita-so-beschreiben-nachbarn-den-verdaechtigen-erzieher-4828991.html","2021-09-12 02:00:02","RTL_News_2021-09-12_02_00_02","RTL_News","2021-09-12",1
"https://www.spiegel.de/ausland/russland-behoerden-leiten-ermittlungen-zu-foltervideos-aus-gefaengnissen-ein-a-ade65e67-7468-488f-86f8-ea358cd556c7#ref=rss","2021-10-05 19:26:02","spiegel_rssschlagz_2021-10-05_19_26_02","Spiegel_Schlagzeilen","2021-10-05",1
"https://www.spiegel.de/politik/deutschland/cannabis-legalisierung-cristian-lindner-spricht-sich-fuer-apotheken-verkauf-aus-a-aeefa53b-b1f0-47c5-9bd6-590adb76bcce#ref=rss","2021-10-18 15:25:02","spiegel_rsspolitik_2021-10-18_15_25_02","Spiegel_Politik","2021-10-18",1
"https://www.zdf.de/nachrichten/zdf-morgenmagazin/inea-erfindermesse-in-nuernberg-100.html","2021-11-05 08:30:02","ZDF_2021-11-05_08_30_02","ZDF_Standard","2021-11-05",1
"https://www.tagesschau.de/ausland/amerika/interview-obama-springsteen-101.html","2021-10-25 01:15:02","ARD_Ausland_2021-10-25_01_15_02","ARD_Ausland","2021-10-25",1
"https://www.spiegel.de/ausland/migration-durch-den-darien-gap-zwischen-kolumbien-und-panama-der-wald-der-leben-zerstoert-a-5277dd06-6060-4562-b975-b3a6556d2aaf#ref=rss","2021-10-02 14:26:02","spiegel_rssschlagz_2021-10-02_14_26_02","Spiegel_Schlagzeilen","2021-10-02",1
"https://www.spiegel.de/panorama/gesellschaft/corona-warum-die-hospitalisierungsinzidenz-probleme-macht-a-5350a068-c5a6-4783-85e2-b02be8fefbfd#ref=rss","2021-10-08 10:26:02","spiegel_rssschlagz_2021-10-08_10_26_02","Spiegel_Schlagzeilen","2021-10-08",1
"https://www.spiegel.de/wissenschaft/mensch/klimawandel-der-oelkonzern-total-wusste-seit-1971-von-der-globalen-erwaermung-a-b31a50ef-1d28-4774-a0a3-ca70756c0b70#ref=rss","2021-10-20 16:26:02","spiegel_rssschlagz_2021-10-20_16_26_02","Spiegel_Schlagzeilen","2021-10-20",1
"https://www.spiegel.de/panorama/leute/prinzessin-diana-skandal-interview-bbc-entschaedigt-grafiker-a-85acad4e-0992-492e-802c-8ad0f164fada#ref=rss","2021-10-08 17:26:02","spiegel_rssschlagz_2021-10-08_17_26_02","Spiegel_Schlagzeilen","2021-10-08",1
"https://www.stern.de/genuss/wasserkocher-aus-edelstahl--modelle-im-vergleich-30669734.html?utm_campaign=alle-nachrichten&utm_medium=rss-feed&utm_source=standard","2021-08-23 17:55:05","stern_rssnews_2021-08-23_17_55_05","Stern_News","2021-08-23",1
"https://www.spiegel.de/ausland/internationaler-strafgerichtshof-doch-keine-ermittlungen-gegen-us-soldaten-in-afghanistan-a-04876b71-ebc1-4b37-8cb3-4d4856448061#ref=rss","2021-09-28 10:26:02","spiegel_rssschlagz_2021-09-28_10_26_02","Spiegel_Schlagzeilen","2021-09-28",1
"https://www.spiegel.de/ausland/gouverneurswahl-in-virginia-referendum-ueber-trump-und-biden-a-86eda184-10ec-4976-90b4-f97890408ba1#ref=rss","2021-11-03 10:26:02","spiegel_rssschlagz_2021-11-03_10_26_02","Spiegel_Schlagzeilen","2021-11-03",1
"https://www.rtl.de/cms/wetterbericht-fuer-den-18-10-2021-wolken-und-regen-im-norden-bodenfrost-und-nebel-im-sueden-4435004.html","2021-10-18 02:00:02","RTL_News_2021-10-18_02_00_02","RTL_News","2021-10-18",1
"https://www.welt.de/feed/msn/politik/video234693676/Ampel-Verhandlungen-SPD-Gruene-und-FDP-starten-in-die-Koalitions-Detailverhandlungen.html","2021-10-28 10:51:02","welt_rsspolitik_2021-10-28_10_51_02","WELT_Politik","2021-10-28",1
"https://www.spiegel.de/sport/fussball/tuchels-chelsea-verliert-bei-juve-geschlagen-bei-seinem-eigenen-spiel-a-9d7680dd-6977-4f87-bb56-1e2070e51682#ref=rss","2021-09-30 06:00:02","spiegel_rssschlagz_2021-09-30_06_00_02","Spiegel_Schlagzeilen","2021-09-30",1
"https://www.spiegel.de/politik/deutschland/news-gelb-gruene-annaeherungen-parteitag-der-gruenen-ethnische-saeuberungen-a-7706778c-322a-43c5-b8f1-7aa05441501f#ref=rss","2021-10-02 09:30:02","spiegel_rsspolitik_2021-10-02_09_30_02","Spiegel_Politik","2021-10-02",1
"https://www.spiegel.de/sport/boxen-anthony-joshua-gegen-oleksandr-usyk-leichter-gegner-schwere-aufgabe-a-c3a16e45-1c05-4e49-bede-dee8e1d7f551#ref=rss","2021-09-25 18:26:02","spiegel_rssschlagz_2021-09-25_18_26_02","Spiegel_Schlagzeilen","2021-09-25",1
"https://www.n-tv.de/politik/SPD-FDP-und-Gruene-wollen-Ubergangsregel-bis-Maerz-article22890004.html","2021-10-27 15:15:02","NTV_Standard_2021-10-27_15_15_02","NTV_Standard","2021-10-27",1
"https://www.n-tv.de/politik/Biden-warnte-Ghani-im-Juli-vor-Taliban-article22778274.html","2021-09-02 08:40:02","NTV_Standard_2021-09-02_08_40_02","NTV_Standard","2021-09-02",1
"https://www.welt.de/sport/article235360184/Auslosung-Deutsches-Duell-in-der-ersten-Runde-der-Darts-WM.html","2021-11-29 21:03:07","welt_rssnews_2021-11-29_21_03_07","WELT_News","2021-11-29",1
"https://www.rtl.de/cms/schaedliches-netzwerk-facebook-loescht-saemtliche-querdenker-gruppen-4832362.html","2021-09-19 02:00:02","RTL_News_2021-09-19_02_00_02","RTL_News","2021-09-19",1
"https://www.n-tv.de/politik/politik_kommentare/Walter-Borjans-geht-befremdet-aber-frei-article22896761.html","2021-10-29 22:10:02","NTV_Standard_2021-10-29_22_10_02","NTV_Standard","2021-10-29",1
"https://www.spiegel.de/politik/deutschland/berlin-wahl-2021-bettina-jarasch-und-der-traum-von-bullerbue-a-a4366196-b838-4827-a243-ebac3cf8816f#ref=rss","2021-09-24 22:30:02","spiegel_rsspolitik_2021-09-24_22_30_02","Spiegel_Politik","2021-09-24",1
"https://www.welt.de/politik/ausland/article234829300/Angela-Merkel-Vive-Mutti-rufen-die-Zuschauer.html","2021-11-04 07:21:02","welt_rsspolitik_2021-11-04_07_21_02","WELT_Politik","2021-11-04",1
"https://www.spiegel.de/wirtschaft/unternehmen/tesla-wie-elon-musk-den-deutschen-strommarkt-erobern-will-a-10d1edf9-29bb-4ba7-9222-b10107e429ce#ref=rss","2021-10-15 19:26:02","spiegel_rssschlagz_2021-10-15_19_26_02","Spiegel_Schlagzeilen","2021-10-15",1
"https://www.spiegel.de/ausland/afghanistan-usa-kuendigen-gespraeche-mit-den-taliban-in-katar-an-a-1d58da9c-85ae-43af-b128-498525f05c4f#ref=rss","2021-10-09 06:00:02","spiegel_rssschlagz_2021-10-09_06_00_02","Spiegel_Schlagzeilen","2021-10-09",1
"https://www.welt.de/vermischtes/article235384260/US-Bundesstaat-Michigan-15-Jaehriger-erschiesst-drei-Mitschueler.html","2021-12-01 10:03:02","WELT_News_2021-12-01_10_03_02","WELT_News","2021-12-01",1
"https://www.spiegel.de/wirtschaft/immobilien-mit-dem-eigenheim-faengt-das-elend-an-a-00000000-0002-0001-0000-000158616283#ref=rss","2021-10-19 16:26:02","spiegel_rssschlagz_2021-10-19_16_26_02","Spiegel_Schlagzeilen","2021-10-19",1
"https://www.rtl.de/cms/stimmzettel-zur-bundestagswahl-das-passiert-mit-ihrer-erst-und-zweitstimme-bei-der-wahl-4127247.html","2021-09-26 03:10:02","RTL_PolitikInland_2021-09-26_03_10_02","RTL_PolitikInland","2021-09-26",1
"https://www.zdf.de/nachrichten/heute-sendungen/schulstart-corona-saarland-rheinland-pfalz-video-100.html","2021-08-27 15:07:02","ZDF_2021-08-27_15_07_02","ZDF_Standard","2021-08-27",1
"https://www.n-tv.de/politik/Ampel-Sondierer-vor-harten-Entscheidungen-article22860994.html","2021-10-12 22:10:02","NTV_Standard_2021-10-12_22_10_02","NTV_Standard","2021-10-12",1
"https://www.spiegel.de/panorama/gesellschaft/weltmaennertag-mehr-als-jeder-fuenfte-mann-lebte-2020-allein-a-b9edde79-c2e9-488b-8085-51a2a8394c2f#ref=rss","2021-11-02 11:26:02","spiegel_rssschlagz_2021-11-02_11_26_02","Spiegel_Schlagzeilen","2021-11-02",1
"https://www.spiegel.de/wirtschaft/corona-krise-die-staatengemeinschaft-versagt-interview-mit-wirtschaftshistoriker-adam-tooze-a-5ae61796-a83d-4e4a-a5a9-d280b0bf9dd0#ref=rss","2021-09-25 16:26:02","spiegel_rssschlagz_2021-09-25_16_26_02","Spiegel_Schlagzeilen","2021-09-25",1
"https://www.stern.de/gesellschaft/regional/scholz-stellt-sich-fragen-beim-juso-bundeskongress-30963336.html?utm_campaign=alle-nachrichten&utm_medium=rss-feed&utm_source=standard","2021-11-26 19:08:04","stern_rssnews_2021-11-26_19_08_04","Stern_News","2021-11-26",1
"https://www.welt.de/politik/ausland/article234108546/Tunesien-Erste-Frau-zur-Ministerpraesidentin-ernannt.html","2021-09-29 20:51:02","WELT_Politik_2021-09-29_20_51_02","WELT_Politik","2021-09-29",1
"https://www.spiegel.de/ausland/recep-tayyip-erdogan-chefberater-wir-haben-es-nicht-auf-syrische-erde-abgesehen-a-2f72b0eb-23e6-41e7-80be-7dcf04c8cb76#ref=rss","2021-10-04 11:26:02","spiegel_rssschlagz_2021-10-04_11_26_02","Spiegel_Schlagzeilen","2021-10-04",1
"https://www.welt.de/politik/ausland/article235205470/Neuseeland-setzt-Anfang-Dezember-neue-Corona-Strategie-um.html","2021-11-22 13:51:03","WELT_Politik_2021-11-22_13_51_03","WELT_Politik","2021-11-22",1
"https://www.rtl.de/cms/der-polit-rap-so-haben-sie-die-wahlprogramme-der-parteien-noch-nicht-gehoert-4832207.html","2021-09-20 03:10:02","RTL_PolitikInland_2021-09-20_03_10_02","RTL_PolitikInland","2021-09-20",1
"https://www.spiegel.de/panorama/justiz/dachau-touristen-zeigen-offenbar-hitlergruss-vor-kz-gedenkstaette-a-c354039c-de5b-42be-8a06-c591452a7522#ref=rss","2021-10-18 17:26:02","spiegel_rssschlagz_2021-10-18_17_26_02","Spiegel_Schlagzeilen","2021-10-18",1
"https://www.spiegel.de/familie/beruehrendes-vater-sohn-bild-mehmet-aslan-gelang-das-siegerfoto-beim-siena-international-photo-awards-a-aa28ebe5-dadf-4cc2-9847-a9cbe4225790#ref=rss","2021-10-27 06:00:02","spiegel_rssschlagz_2021-10-27_06_00_02","Spiegel_Schlagzeilen","2021-10-27",1
"https://www.welt.de/politik/deutschland/article235173000/Islam-in-Berlin-Aerger-um-Studie-zu-Diskriminierung-junger-Muslime.html","2021-11-21 14:03:02","WELT_News_2021-11-21_14_03_02","WELT_News","2021-11-21",1
"https://www.spiegel.de/wirtschaft/bundestagswahl-2021-deutschlands-fuenf-todsuenden-und-wie-wir-es-besser-machen-a-893478ef-be69-4b84-9835-a8baf5e54e28#ref=rss","2021-09-24 12:26:02","spiegel_rssschlagz_2021-09-24_12_26_02","Spiegel_Schlagzeilen","2021-09-24",1
"https://www.tagesschau.de/wirtschaft/20-jahre-ipod-101.html","2021-10-25 01:15:02","ARD_Ausland_2021-10-25_01_15_02","ARD_Ausland","2021-10-25",1
"https://www.welt.de/politik/deutschland/article235350816/Corona-Lage-Ministerpraesidenten-sprechen-mit-Scholz-und-Merkel-nach-Urteil-des-Verfassungsgerichts.html","2021-11-29 14:03:07","WELT_News_2021-11-29_14_03_07","WELT_News","2021-11-29",1
"https://www.spiegel.de/wissenschaft/mensch/benjamin-list-nobelpreis-fuer-chemie-geht-an-deutschen-molekuel-forscher-a-fb936e04-db74-49e4-9a97-b8a500ac3298#ref=rss","2021-10-06 12:26:02","spiegel_rssschlagz_2021-10-06_12_26_02","Spiegel_Schlagzeilen","2021-10-06",1
"https://www.welt.de/politik/deutschland/article235256256/Philipp-Amthor-muss-seinen-Fuehrerschein-abgeben.html","2021-11-24 16:51:02","WELT_Politik_2021-11-24_16_51_02","WELT_Politik","2021-11-24",1
"https://www.spiegel.de/sport/fussball/florian-kohfeldt-macht-sich-keine-sorgen-um-den-vfl-wolfsburg-a-31db22af-f1cc-4c10-93d8-71fd6d954256#ref=rss","2021-10-28 16:26:02","spiegel_rssschlagz_2021-10-28_16_26_02","Spiegel_Schlagzeilen","2021-10-28",1
"https://www.focus.de/politik/ausland/gastbeitrag-von-gabor-steingart-kein-anschluss-unter-dieser-nummer-chinas-leiser-rueckzug-ist-alarmsignal-fuer-uns_id_24412851.html","2021-11-17 23:00:02","Focus_Ausland_2021-11-17_23_00_02","Focus_Ausland","2021-11-17",1
"https://www.spiegel.de/politik/deutschland/corona-massnahmen-bekommt-deutschland-einen-freedom-day-podcast-a-53a691d8-c459-4d71-997d-0e9e62aa7615#ref=rss","2021-09-30 06:30:02","spiegel_rsspolitik_2021-09-30_06_30_02","Spiegel_Politik","2021-09-30",1
"https://www.rtl.de/cms/rebecca-reusch-rtl-spezial-und-true-crime-doku-zum-ungeloesten-vermisstenfall-4855009.html","2021-10-27 02:00:02","RTL_News_2021-10-27_02_00_02","RTL_News","2021-10-27",1
"https://www.spiegel.de/politik/deutschland/bundestagswahl-2021-so-beurteilt-die-fdp-das-ergebnis-a-b740e613-5c7d-49bb-b9be-787b474c5c39#ref=rss","2021-09-27 15:25:02","spiegel_rsspolitik_2021-09-27_15_25_02","Spiegel_Politik","2021-09-27",1
"https://www.spiegel.de/wirtschaft/ber-bittet-um-finanzhilfen-bund-reagiert-zoegerlich-a-a106d876-d347-47ef-aed5-f9a6cb87e7ca#ref=rss","2021-11-01 16:26:02","spiegel_rssschlagz_2021-11-01_16_26_02","Spiegel_Schlagzeilen","2021-11-01",1
"https://www.rtl.de/cms/7-tage-wettertrend-nach-sturm-mehr-sonne-gewitter-am-sonntag-laeuten-den-herbst-ein-4452543.html","2021-09-24 02:00:02","RTL_News_2021-09-24_02_00_02","RTL_News","2021-09-24",1
"https://www.spiegel.de/netzwelt/netzpolitik/facebook-im-zuge-der-giphy-uebernahme-zu-fast-60-millionen-euro-strafe-verdonnert-a-eb7ce424-e755-4e8d-916d-d910fff473ce#ref=rss","2021-10-20 14:26:02","spiegel_rssschlagz_2021-10-20_14_26_02","Spiegel_Schlagzeilen","2021-10-20",1
"https://www.spiegel.de/politik/deutschland/merkels-einheitsrede-die-persoenlichen-momente-ballast-der-ddr-biografie-angelernte-bundesdeutsche-a-83a5e87b-8b8c-41ae-8494-8355e8e50d2c#ref=rss","2021-10-03 15:25:02","spiegel_rsspolitik_2021-10-03_15_25_02","Spiegel_Politik","2021-10-03",1
"https://www.zdf.de/nachrichten/heute-sendungen/nasa-sonde-jupiter-video-100.html","2021-10-29 15:07:02","ZDF_2021-10-29_15_07_02","ZDF_Standard","2021-10-29",1
"https://www.tagesschau.de/wirtschaft/weltwirtschaft/china-immobilienmarkt-101.html","2021-10-12 01:15:02","ARD_Ausland_2021-10-12_01_15_02","ARD_Ausland","2021-10-12",1
"https://www.stern.de/gesellschaft/regional/in-der-laenderspielpause--viktoria-testet-bei-dynamo-dresden-30788670.html?utm_campaign=alle-nachrichten&utm_medium=rss-feed&utm_source=standard","2021-09-30 11:08:02","stern_rssnews_2021-09-30_11_08_02","Stern_News","2021-09-30",1
"https://www.spiegel.de/panorama/leute/daniel-craig-weint-am-letzten-drehtag-a-5c629102-c373-4b33-8886-b287ff15065b#ref=rss","2021-09-28 10:26:02","spiegel_rssschlagz_2021-09-28_10_26_02","Spiegel_Schlagzeilen","2021-09-28",1
"https://www.stern.de/lifestyle/leute/jonah-hill--schauspiel-star-will-keine-kommentare-zu-seinem-koerper-mehr-hoeren-30829502.html?utm_campaign=alle-nachrichten&utm_medium=rss-feed&utm_source=standard","2021-10-14 17:08:02","stern_rssnews_2021-10-14_17_08_02","Stern_News","2021-10-14",1
"https://www.welt.de/vermischtes/live230889917/Corona-aktuell-Widerstand-in-der-Union-gegen-Verlaengerung-der-epidemischen-Lage.html","2021-08-25 16:03:02","WELT_News_2021-08-25_16_03_02","WELT_News","2021-08-25",1
"https://www.zdf.de/nachrichten/heute-sendungen/uganda-anschlag-video-100.html","2021-11-17 08:30:04","ZDF_2021-11-17_08_30_04","ZDF_Standard","2021-11-17",1
"https://www.spiegel.de/politik/deutschland/koalitionsverhandlungen-achtung-rote-ampel-a-7b36f09d-fb40-4be0-a168-942d6436b784#ref=rss","2021-10-06 22:30:02","spiegel_rsspolitik_2021-10-06_22_30_02","Spiegel_Politik","2021-10-06",1
"https://www.zdf.de/nachrichten/zdf-morgenmagazin/buyx-corona-zwei-moegliche-loesungen-pandemie-ethikrat-100.html","2021-11-30 15:07:02","ZDF_2021-11-30_15_07_02","ZDF_Standard","2021-11-30",1
"https://www.spiegel.de/partnerschaft/kein-sex-ist-das-ein-trennungsgrund-das-sagen-experten-und-betroffene-a-be6c725f-d1a0-4cd3-9a30-3e6e432c164d#ref=rss","2021-09-28 17:26:02","spiegel_rssschlagz_2021-09-28_17_26_02","Spiegel_Schlagzeilen","2021-09-28",1
"https://www.stern.de/panorama/weltgeschehen/news-heute--who-fuerchtet-mehr-als-200-000-neue-corona-tote-in-europa-30694118.html?utm_campaign=alle-nachrichten&utm_medium=rss-feed&utm_source=standard","2021-08-30 12:55:07","stern_rssnews_2021-08-30_12_55_07","Stern_News","2021-08-30",1
"https://www.rtl.de/cms/corona-zahlen-steigen-alarmstufe-rot-in-den-niederlanden-erneut-maskenpflicht-4859082.html","2021-11-03 04:10:02","RTL_PolitikAusland_2021-11-03_04_10_02","RTL_PolitikAusland","2021-11-03",1
"https://www.spiegel.de/politik/deutschland/erstwaehler-stimmen-fuer-die-fdp-spinnen-die-jungen-leute-a-0946a6fe-1852-4e01-ba6b-587680d90311#ref=rss","2021-10-01 15:25:02","spiegel_rsspolitik_2021-10-01_15_25_02","Spiegel_Politik","2021-10-01",1
"https://www.spiegel.de/politik/bundestagswahl-2021-war-das-jetzt-diese-klimawahl-a-06524a38-2553-47ea-be00-65b3304c97e6#ref=rss","2021-09-28 22:30:02","spiegel_rsspolitik_2021-09-28_22_30_02","Spiegel_Politik","2021-09-28",1
"https://www.tagesschau.de/wirtschaft/finanzen/globale-mindeststeuer-faq-101.html","2021-11-01 01:15:02","ARD_Ausland_2021-11-01_01_15_02","ARD_Ausland","2021-11-01",1
"https://www.welt.de/politik/deutschland/plus235139310/Mit-dem-neuen-Infektionsschutzgesetz-endet-die-Merkel-Aera-und-ein-neuer-Pandemie-Modus-beginnt.html","2021-11-18 20:51:02","WELT_Politik_2021-11-18_20_51_02","WELT_Politik","2021-11-18",1
"https://www.welt.de/politik/ausland/plus235363912/WELT-Gespraech-Was-passiert-mit-meinem-Geld-in-der-EU.html","2021-12-01 19:51:02","WELT_Politik_2021-12-01_19_51_02","WELT_Politik","2021-12-01",1
"https://www.rtl.de/cms/un-klimabericht-fossile-energien-laender-draengten-darauf-einfluss-auf-den-klimawandel-herunterzuspielen-4852169.html","2021-10-24 03:10:03","RTL_PolitikInland_2021-10-24_03_10_03","RTL_PolitikInland","2021-10-24",1
"https://www.rtl.de/cms/drogenschmuggel-im-jade-weser-port-wilhelmshaven-spuerhund-erschnueffelt-46-kilo-kokain-4856688.html","2021-10-31 02:00:06","RTL_News_2021-10-31_02_00_06","RTL_News","2021-10-31",1
"https://www.rtl.de/cms/rtl-umfrage-viele-vor-bundestagswahl-noch-unentschlossen-welchen-einfluss-koennte-das-haben-4830930.html","2021-09-15 03:10:06","RTL_PolitikInland_2021-09-15_03_10_06","RTL_PolitikInland","2021-09-15",1
"https://www.spiegel.de/ausland/irak-hunderte-protestieren-gegen-wahlergebnis-a-d25251c0-ed23-44ee-84a7-776d65f4c4c9#ref=rss","2021-10-17 20:26:02","spiegel_rssschlagz_2021-10-17_20_26_02","Spiegel_Schlagzeilen","2021-10-17",1
"https://www.spiegel.de/panorama/justiz/england-obdachloser-gesteht-mord-um-nicht-mehr-auf-der-strasse-leben-zu-muessen-a-55612285-a43f-4623-b352-8782f39c9ba4#ref=rss","2021-10-14 19:26:02","spiegel_rssschlagz_2021-10-14_19_26_02","Spiegel_Schlagzeilen","2021-10-14",1
"https://www.n-tv.de/politik/Supreme-Court-entscheidet-ueber-Kulturkampf-aus-Texas-article22894618.html","2021-10-30 22:10:02","NTV_Standard_2021-10-30_22_10_02","NTV_Standard","2021-10-30",1
"https://www.welt.de/politik/deutschland/video234807158/Regierungserklaerung-Diese-Themen-will-NRW-Ministerpraesident-Wuest-anpacken.html","2021-11-03 11:51:02","welt_rsspolitik_2021-11-03_11_51_02","WELT_Politik","2021-11-03",1
"https://www.spiegel.de/panorama/leute/gloria-estefan-ueber-sexuellen-missbrauch-als-kind-er-war-familie-a-9b7a4e1f-b21f-48e0-80d6-a549e76d4bfc#ref=rss","2021-10-01 12:26:02","spiegel_rssschlagz_2021-10-01_12_26_02","Spiegel_Schlagzeilen","2021-10-01",1
"https://www.zdf.de/nachrichten/zdf-morgenmagazin/weltklimakonferenz-in-glasgow-102.html","2021-11-01 08:30:02","ZDF_2021-11-01_08_30_02","ZDF_Standard","2021-11-01",1
"https://www.spiegel.de/kultur/kino/dune-science-fiction-blockbuster-wird-2023-fortgesetzt-a-768e53db-7e1e-4d04-be44-104e3c9c2642#ref=rss","2021-10-27 11:26:02","spiegel_rssschlagz_2021-10-27_11_26_02","Spiegel_Schlagzeilen","2021-10-27",1
"https://www.mdr.de/nachrichten/sachsen-anhalt/landtagswahl/koalition-vertrag-cdu-spd-fdp-unterzeichnet-100.html","2021-09-14 01:15:02","ARD_Ausland_2021-09-14_01_15_02","ARD_Ausland","2021-09-14",1
"https://www.tagesschau.de/ausland/europa/kurz-oevp-oesterreich-103.html","2021-10-09 09:56:02","ARD_Inland_2021-10-09_09_56_02","ARD_Inland","2021-10-09",1
"https://www.welt.de/kultur/plus235149754/Felix-Hosse-Liberal-zu-sein-ist-die-einzige-politische-Stroemung-die-Anti-Establishment-ist.html","2021-11-20 16:03:02","WELT_News_2021-11-20_16_03_02","WELT_News","2021-11-20",1
"https://www.spiegel.de/stil/social-design-award-2021-jetzt-sind-sie-dran-stimmen-sie-ab-a-9be2e3f3-463f-435c-8dae-f2642582ee23#ref=rss","2021-09-28 14:26:02","spiegel_rssschlagz_2021-09-28_14_26_02","Spiegel_Schlagzeilen","2021-09-28",1
"https://www.rtl.de/cms/bundestagswahl-2021-das-versprechen-uns-die-parteien-zum-thema-klimawandel-4830095.html","2021-09-24 03:10:02","RTL_PolitikInland_2021-09-24_03_10_02","RTL_PolitikInland","2021-09-24",1
"https://www.spiegel.de/panorama/leute/dave-grohl-ueber-abba-sogar-die-neuen-songs-sind-umwerfend-a-2485dc55-56d3-4749-9c5a-1b6361adccf6#ref=rss","2021-10-13 16:26:02","spiegel_rssschlagz_2021-10-13_16_26_02","Spiegel_Schlagzeilen","2021-10-13",1
"https://www.n-tv.de/politik/Warum-Lindner-ein-Klimaministerium-ankuendigt-article22872095.html","2021-10-18 22:10:02","NTV_Standard_2021-10-18_22_10_02","NTV_Standard","2021-10-18",1
"https://www.spiegel.de/auto/elektroautos-praemie-laeuft-teilweise-zum-jahreswechsel-aus-es-geht-um-3000-euro-a-51ecbb81-6623-4f67-a9bf-739b13ba59b3#ref=rss","2021-11-01 17:26:02","spiegel_rssschlagz_2021-11-01_17_26_02","Spiegel_Schlagzeilen","2021-11-01",1
"https://www.n-tv.de/politik/Es-haette-viel-schlimmer-kommen-koennen-article22885090.html","2021-10-25 15:15:02","NTV_Standard_2021-10-25_15_15_02","NTV_Standard","2021-10-25",1
"https://www.n-tv.de/politik/Biden-Trump-hetzt-Menschen-im-ganzen-Land-auf-article22890006.html","2021-10-27 15:15:02","NTV_Standard_2021-10-27_15_15_02","NTV_Standard","2021-10-27",1
"https://www.rtl.de/cms/corona-livestream-jens-spahn-und-rki-praesident-lothar-wieler-erklaeren-impf-plan-fuer-den-herbst-4528296.html","2021-09-15 03:10:06","RTL_PolitikInland_2021-09-15_03_10_06","RTL_PolitikInland","2021-09-15",1
"https://www.spiegel.de/panorama/justiz/salisbury-zwei-zuege-in-england-zusammengestossen-mehrere-verletzte-a-689254b4-cdc7-4025-9139-315ef04120df#ref=rss","2021-11-01 06:00:02","spiegel_rssschlagz_2021-11-01_06_00_02","Spiegel_Schlagzeilen","2021-11-01",1
"https://www.spiegel.de/sport/fussball/bundesliga-niederlage-des-fc-bayern-muenchen-gegen-eintracht-frankfurt-sauer-enttaeuscht-veraergert-a-43a8635d-5b86-418e-bceb-4767b0c783f9#ref=rss","2021-10-04 10:26:02","spiegel_rssschlagz_2021-10-04_10_26_02","Spiegel_Schlagzeilen","2021-10-04",1
"https://www.spiegel.de/wirtschaft/unternehmen/vw-herbert-diess-fliegt-doch-nicht-nach-amerika-a-30ba2f00-d74c-437f-a9a4-0a71696814e2#ref=rss","2021-10-27 19:26:01","spiegel_rssschlagz_2021-10-27_19_26_01","Spiegel_Schlagzeilen","2021-10-27",1
"https://www.welt.de/politik/deutschland/article235222972/Corona-Hotspot-Freyung-Die-Leute-sagen-Da-stimmt-doch-was-nicht.html","2021-11-22 21:51:02","WELT_Politik_2021-11-22_21_51_02","WELT_Politik","2021-11-22",1
"https://www.spiegel.de/wissenschaft/technik/ludwig-van-beethoven-kuenstliche-intelligenz-vollendet-10-sinfonie-wie-klingt-das-a-911557e0-34be-4480-a7b0-be065aaacab5#ref=rss","2021-10-09 10:26:02","spiegel_rssschlagz_2021-10-09_10_26_02","Spiegel_Schlagzeilen","2021-10-09",1
"https://www.spiegel.de/politik/deutschland/berlin-spd-spitzenkandidatin-franziska-giffey-praeferiert-ampel-a-7ac099ff-e2e7-4f57-855e-eabb8ea25fd5#ref=rss","2021-10-08 22:30:02","spiegel_rsspolitik_2021-10-08_22_30_02","Spiegel_Politik","2021-10-08",1
"https://www.rtl.de/cms/taliban-toeteten-vater-und-bruder-amir-hat-angst-vor-abschiebung-nach-afghanistan-4858814.html","2021-11-03 02:00:02","RTL_News_2021-11-03_02_00_02","RTL_News","2021-11-03",1
"https://www.rtl.de/cms/united-airlines-kuendigt-600-impfverweigerern-weil-sie-sich-nicht-impfen-lassen-4839574.html","2021-10-08 03:10:03","RTL_PolitikInland_2021-10-08_03_10_03","RTL_PolitikInland","2021-10-08",1
"https://www.welt.de/politik/deutschland/article235131384/Stiko-empfiehlt-generelle-Booster-Impfung-ab-18-Jahren-nach-6-Monaten.html","2021-11-18 19:51:02","WELT_Politik_2021-11-18_19_51_02","WELT_Politik","2021-11-18",1
"https://www.rtl.de/cms/niedersachsen-wird-75-diese-prominenten-gaeste-sind-beim-festakt-dabei-4857974.html","2021-11-03 02:00:02","RTL_News_2021-11-03_02_00_02","RTL_News","2021-11-03",1
"https://www.zdf.de/nachrichten/zdf-morgenmagazin/elmar-thevessen-zum-g20-gipfel-weit-hinter-den-erwartungen-100.html","2021-11-01 08:30:02","ZDF_2021-11-01_08_30_02","ZDF_Standard","2021-11-01",1
"https://www.welt.de/kultur/stuetzen-der-gesellschaft/plus233921410/Don-Alphonso-Fridays-for-Flutung.html","2021-09-21 10:03:02","WELT_News_2021-09-21_10_03_02","WELT_News","2021-09-21",1
"https://www.stern.de/lifestyle/leute/lionel-messi--ein-foto-fuer-den-gegner-nach-dem-paris-debuet-30695502.html?utm_campaign=alle-nachrichten&utm_medium=rss-feed&utm_source=standard","2021-08-30 12:55:07","stern_rssnews_2021-08-30_12_55_07","Stern_News","2021-08-30",1
"https://www.spiegel.de/panorama/justiz/rosalinda-gonzalez-valencia-soldaten-in-mexiko-nehmen-frau-von-drogenhaendler-el-mencho-fest-a-03abadf0-02f2-4cfb-a7d8-160d15886ad3#ref=rss","2021-11-17 06:00:09","spiegel_rssschlagz_2021-11-17_06_00_09","Spiegel_Schlagzeilen","2021-11-17",1
"https://www.zdf.de/nachrichten/heute-sendungen/schweinfleisch-preise-video-100.html","2021-09-29 15:07:02","ZDF_2021-09-29_15_07_02","ZDF_Standard","2021-09-29",1
"https://www.spiegel.de/panorama/britische-koenigin-queen-elizabeth-ii-musste-nacht-im-krankenhaus-verbringen-a-7d71d370-90b5-4a98-af73-7d9321fecc0f#ref=rss","2021-10-22 06:00:02","spiegel_rssschlagz_2021-10-22_06_00_02","Spiegel_Schlagzeilen","2021-10-22",1
"https://www.welt.de/politik/deutschland/plus233345145/Integration-Die-afghanische-Herausforderung-fuer-Deutschland.html","2021-08-25 13:03:02","WELT_News_2021-08-25_13_03_02","WELT_News","2021-08-25",1
"https://www.spiegel.de/karriere/gorillas-streik-sorgt-fuer-fristlose-kuendigung-als-faustregel-gilt-ganz-ohne-vorwarnung-ist-das-schwierig-a-86876fc0-8557-4ed1-b683-971d61e5f912#ref=rss","2021-10-06 19:26:02","spiegel_rssschlagz_2021-10-06_19_26_02","Spiegel_Schlagzeilen","2021-10-06",1
"https://www.rtl.de/cms/brandenburg-suv-rast-in-familie-oma-und-fahrer-tot-mann-und-kleinkind-verletzt-4857897.html","2021-11-01 02:00:02","RTL_News_2021-11-01_02_00_02","RTL_News","2021-11-01",1
"https://www.welt.de/politik/ausland/plus233926158/Tony-Blair-Angela-Merkel-war-richtig-fuer-Deutschland.html","2021-09-22 17:03:02","WELT_News_2021-09-22_17_03_02","WELT_News","2021-09-22",1
"https://www.spiegel.de/politik/deutschland/ampel-koalition-nord-stream-2-soll-keine-rolle-spielen-a-d3bab3f1-c6a5-49ca-a239-275cdf50ebbe#ref=rss","2021-10-08 15:25:02","spiegel_rsspolitik_2021-10-08_15_25_02","Spiegel_Politik","2021-10-08",1
"https://www.tagesschau.de/wirtschaft/selbstfahrende-s-bahn-hamburg-101.html","2021-10-12 01:15:02","ARD_Ausland_2021-10-12_01_15_02","ARD_Ausland","2021-10-12",1
"https://www.welt.de/politik/deutschland/article234822756/Schwesig-und-die-Linke-Beste-Bildung-heisst-in-Schleswig-Holstein-eine-Verkuerzung-der-Lehrerausbildung.html","2021-11-03 19:03:02","welt_rssnews_2021-11-03_19_03_02","WELT_News","2021-11-03",1
"https://www.welt.de/wirtschaft/article235345896/Neu-im-Dezember-Impfung-fuer-Kinder-Bahnfahren-wird-teurer-Smartphone-Tarife.html","2021-11-30 10:03:02","WELT_News_2021-11-30_10_03_02","WELT_News","2021-11-30",1
"https://www.rtl.de/cms/markus-soeder-dieses-wochenende-ist-die-letzte-chance-fuer-die-union-4827844.html","2021-09-15 03:10:06","RTL_PolitikInland_2021-09-15_03_10_06","RTL_PolitikInland","2021-09-15",1
"https://www.rtl.de/cms/heftige-kritik-an-ryanair-kein-wort-zum-verhafteten-blogger-in-minsk-4765524.html","2021-08-25 04:10:02","RTL_PolitikAusland_2021-08-25_04_10_02","RTL_PolitikAusland","2021-08-25",1
"https://www.spiegel.de/politik/deutschland/die-woche-sebastian-kurz-olaf-scholz-ahrtal-podcast-a-0d13bc58-307d-4a2b-946b-5bf00a6c9467#ref=rss","2021-10-16 06:30:02","spiegel_rsspolitik_2021-10-16_06_30_02","Spiegel_Politik","2021-10-16",1
"https://www.spiegel.de/politik/deutschland/gruene-jamaika-ueberlegungen-tut-es-nicht-kommentar-a-a02f721f-bb29-488e-8dc4-5b4dddf008e1#ref=rss","2021-09-27 09:30:02","spiegel_rsspolitik_2021-09-27_09_30_02","Spiegel_Politik","2021-09-27",1
"https://www.rtl.de/cms/karl-lauterbach-das-sagt-der-spd-gesundheitsexperte-zu-rot-rot-gruen-4828550.html","2021-09-15 03:10:06","RTL_PolitikInland_2021-09-15_03_10_06","RTL_PolitikInland","2021-09-15",1
"https://www.spiegel.de/sport/formel1/formel-1-in-sotschi-lewis-hamilton-schafft-als-erster-rennfahrer-100-siege-in-der-formel-1-a-28808890-5a7e-4cd1-a899-bc0b0da2a60e#ref=rss","2021-09-26 18:26:02","spiegel_rssschlagz_2021-09-26_18_26_02","Spiegel_Schlagzeilen","2021-09-26",1
"https://www.stern.de/panorama/travis-scott-und-drake-nach-massenpanik-bei-musikfestival-verklagt-30903810.html?utm_campaign=alle-nachrichten&utm_medium=rss-feed&utm_source=standard","2021-11-08 13:08:02","Stern_News_2021-11-08_13_08_02","Stern_News","2021-11-08",1
"https://www.rtl.de/cms/tuerkei-innenminister-soylu-soll-verbindungen-zur-organisierten-kriminalitaet-haben-4770275.html","2021-08-30 04:10:03","RTL_PolitikAusland_2021-08-30_04_10_03","RTL_PolitikAusland","2021-08-30",1
"https://www.spiegel.de/sport/boxen-robin-krasniqi-droht-mit-klage-nach-umstrittener-niederlage-gegen-dominic-boesel-a-2e1a9fd7-ba77-4e5f-8026-ab82e707ccfc#ref=rss","2021-10-10 13:26:02","spiegel_rssschlagz_2021-10-10_13_26_02","Spiegel_Schlagzeilen","2021-10-10",1
"https://www.welt.de/politik/bundestagswahl/article234857128/Zu-grosser-Aufwand-wohl-doch-Digitalministerium-mehr-geplant.html","2021-11-05 07:17:02","welt_rssnews_2021-11-05_07_17_02","WELT_News","2021-11-05",1
"https://www.welt.de/gesundheit/plus234719356/Krankhaftes-Gruebeln-Diese-Methoden-helfen-gegen-das-Gedankenkreisen.html","2021-10-30 13:03:02","WELT_News_2021-10-30_13_03_02","WELT_News","2021-10-30",1
"https://www.welt.de/politik/deutschland/plus234599884/Migration-via-Belarus-Wenn-Neonazis-bewaffnet-zum-Grenzgang-losziehen.html","2021-10-24 19:51:02","WELT_Politik_2021-10-24_19_51_02","WELT_Politik","2021-10-24",1
"https://www.spiegel.de/ausland/afghanistan-droht-ein-kollaps-der-infrastruktur-wegen-unbezahlter-stromrechnungen-a-93677059-dd52-4236-ba3b-1b6ade1ee550#ref=rss","2021-10-11 06:00:02","spiegel_rssschlagz_2021-10-11_06_00_02","Spiegel_Schlagzeilen","2021-10-11",1
"https://www.spiegel.de/politik/deutschland/ampel-koalition-gruene-jugend-droht-mit-ablehnung-der-ampel-a-6bf822e4-270d-4c76-ae9d-358e26db2ec6#ref=rss","2021-11-01 15:25:02","spiegel_rsspolitik_2021-11-01_15_25_02","Spiegel_Politik","2021-11-01",1
"https://www.rtl.de/cms/erschossener-tankstellen-kassierer-in-idar-oberstein-wie-kriegt-man-die-querdenker-szene-in-den-griff-4835821.html","2021-09-26 02:00:02","RTL_News_2021-09-26_02_00_02","RTL_News","2021-09-26",1
"https://www.welt.de/politik/wahl/bundestagswahl/article232971649/Briefwahl-2021-beantragen-Alles-was-Sie-wissen-muessen-zu-Antrag-Fristen.html","2021-08-30 19:51:02","WELT_Politik_2021-08-30_19_51_02","WELT_Politik","2021-08-30",1
"https://www.spiegel.de/wirtschaft/evergrande-wie-gefaehrlich-ist-die-drohende-pleite-des-chinesischen-immobilienriesen-a-427a9be3-b465-42d9-98a2-5b6e1c06f5df#ref=rss","2021-09-21 17:26:02","spiegel_rssschlagz_2021-09-21_17_26_02","Spiegel_Schlagzeilen","2021-09-21",1
"https://www.zdf.de/sport/wintersport/wintersport-rodel-weltcup-sotschi-100.html","2021-11-29 01:30:02","ZDF_2021-11-29_01_30_02","ZDF_Standard","2021-11-29",1
"https://www.spiegel.de/wirtschaft/europaeischer-rechnungshof-berichtet-eu-gab-2020-rund-vier-milliarden-euro-falsch-aus-a-8c088744-aa48-422a-b666-1faa262ddbd1#ref=rss","2021-10-26 06:00:02","spiegel_rssschlagz_2021-10-26_06_00_02","Spiegel_Schlagzeilen","2021-10-26",1
"https://www.ndr.de/nachrichten/hamburg/coronavirus/Corona-Hamburg-startet-2G-Regelung-,corona8648.html","2021-08-29 01:15:02","ARD_Ausland_2021-08-29_01_15_02","ARD_Ausland","2021-08-29",1
"https://www.rtl.de/cms/armin-laschet-das-ist-sein-sofortprogramm-fuer-die-ersten-100-tage-nach-der-bundestagswahl-4829941.html","2021-09-15 03:10:06","RTL_PolitikInland_2021-09-15_03_10_06","RTL_PolitikInland","2021-09-15",1
"https://www.welt.de/politik/deutschland/plus234469258/Stefan-Aust-Wladimir-Putin-hat-die-deutsche-Luecke-erkannt.html","2021-10-17 20:51:02","WELT_Politik_2021-10-17_20_51_02","WELT_Politik","2021-10-17",1
"https://www.welt.de/debatte/kommentare/plus235159368/Anna-Schneider-zu-Individualismus-und-Covid-Freiheit-beginnt-beim-Ich.html","2021-11-20 10:03:02","WELT_News_2021-11-20_10_03_02","WELT_News","2021-11-20",1
"https://www.welt.de/politik/deutschland/article235374832/Corona-Impfpflicht-Scholz-ist-dafuer-Impfstatus-soll-nach-6-Monaten-ablaufen.html","2021-11-30 18:51:02","WELT_Politik_2021-11-30_18_51_02","WELT_Politik","2021-11-30",1
"https://www.tagesschau.de/ausland/amerika/brasilien-abstimmung-corona-bericht-anklage-bolsonaro-101.html","2021-10-27 09:56:02","ARD_Inland_2021-10-27_09_56_02","ARD_Inland","2021-10-27",1
"https://www.swr.de/swraktuell/rheinland-pfalz/u-ausschuss-zur-flut-tagt-landtag-100.html","2021-10-02 09:56:02","ARD_Inland_2021-10-02_09_56_02","ARD_Inland","2021-10-02",1
"https://www.rtl.de/cms/eu-plaene-wird-das-mindesthaltbarkeitsdatum-entsorgt-4852743.html","2021-10-24 03:10:03","RTL_PolitikInland_2021-10-24_03_10_03","RTL_PolitikInland","2021-10-24",1
"https://www.zdf.de/nachrichten/heute-in-deutschland/revolution-im-flugverkehr-100.html","2021-09-24 01:30:02","ZDF_2021-09-24_01_30_02","ZDF_Standard","2021-09-24",1
"https://www.zdf.de/nachrichten/heute-journal-update/werden-geldentwertung-weiter-sehen-102.html","2021-10-29 08:30:02","ZDF_2021-10-29_08_30_02","ZDF_Standard","2021-10-29",1
"https://www.zdf.de/nachrichten/heute-sendungen/tokio-erdbeben-verletzte-video-100.html","2021-10-08 08:30:02","ZDF_2021-10-08_08_30_02","ZDF_Standard","2021-10-08",1
"https://www.welt.de/politik/deutschland/article234100526/FDP-kuendigt-Gespraeche-mit-Gruenen-CDU-und-SPD-an-in-dieser-Reihenfolge.html","2021-09-29 20:51:02","WELT_Politik_2021-09-29_20_51_02","WELT_Politik","2021-09-29",1
"https://www.spiegel.de/politik/deutschland/washington-olaf-scholz-reist-ein-letztes-mal-als-finanzminister-in-die-usa-a-115ea94e-57e4-44f9-9bf1-505975efea9c#ref=rss","2021-10-14 06:30:02","spiegel_rsspolitik_2021-10-14_06_30_02","Spiegel_Politik","2021-10-14",1
"https://www.welt.de/sport/fussball/bundesliga/fc-bayern-muenchen/article235271580/FC-Bayern-Kimmich-positiv-getestet-Das-Risiko-ist-unbeherrschbar.html","2021-11-25 12:03:02","WELT_News_2021-11-25_12_03_02","WELT_News","2021-11-25",1
"https://www.welt.de/politik/deutschland/article235318874/Thilo-Bode-Foodwatch-Gruender-rechnet-mit-den-Gruenen-ab.html","2021-11-27 10:51:02","WELT_Politik_2021-11-27_10_51_02","WELT_Politik","2021-11-27",1
"https://www.spiegel.de/stil/rezept-fuer-aligot-de-l-aubrac-ein-festessen-fuer-jakobs-pilger-a-4ecdb450-a876-455f-a1b5-4342af4c8b25#ref=rss","2021-11-01 11:26:02","spiegel_rssschlagz_2021-11-01_11_26_02","Spiegel_Schlagzeilen","2021-11-01",1
"https://www.tagesschau.de/wirtschaft/konjunktur/konjunkturprognose-altmaier-103.html","2021-10-28 01:15:02","ARD_Ausland_2021-10-28_01_15_02","ARD_Ausland","2021-10-28",1
"https://www.stern.de/news/mordkommission-ermittelt-festnahme-nach-leichenfund-am-berliner-fernsehturm--30815022.html?utm_campaign=alle-nachrichten&utm_medium=rss-feed&utm_source=standard","2021-10-08 21:08:02","stern_rssnews_2021-10-08_21_08_02","Stern_News","2021-10-08",1
"https://www.spiegel.de/ausland/kim-jong-un-warum-suedkoreas-geheimdienst-den-machthaber-von-nordkorea-fuer-gesund-haelt-a-49a4b3a3-d9bb-4586-b791-108863a55914#ref=rss","2021-10-29 12:26:02","spiegel_rssschlagz_2021-10-29_12_26_02","Spiegel_Schlagzeilen","2021-10-29",1
"https://www.rtl.de/cms/razzia-im-hamburger-rotlichtmilieu-beamte-nehmen-zwei-maenner-fest-4858195.html","2021-11-03 02:00:02","RTL_News_2021-11-03_02_00_02","RTL_News","2021-11-03",1
"https://www.tagesschau.de/inland/gesellschaft/bayern-corona-117.html","2021-10-26 09:56:02","ARD_Inland_2021-10-26_09_56_02","ARD_Inland","2021-10-26",1
"https://zdfheute-stories-tap.zdf.de/spinne_haus_herbst","2021-10-13 01:30:02","ZDF_2021-10-13_01_30_02","ZDF_Standard","2021-10-13",1
"https://www.zdf.de/sport/uefa-champions-league/sportstudio-uefa-champions-league---gruppenphase-5-spieltag-vom-24-november-2021-100.html","2021-11-25 01:30:02","ZDF_2021-11-25_01_30_02","ZDF_Standard","2021-11-25",1
"https://www.n-tv.de/politik/China-und-Russland-kontern-Bidens-Kritik-article22905448.html","2021-11-03 22:10:02","NTV_Standard_2021-11-03_22_10_02","NTV_Standard","2021-11-03",1
"https://www.n-tv.de/politik/Die-Ampel-flackert-teils-erheblich-article22906719.html","2021-11-03 22:10:02","NTV_Standard_2021-11-03_22_10_02","NTV_Standard","2021-11-03",1
"https://www.spiegel.de/wirtschaft/unternehmen/oleg-tinkoff-russischer-banker-zahlt-halbe-milliarde-dollar-an-us-fiskus-a-ad9ea83e-f69c-4584-a837-5d936590d509#ref=rss","2021-10-30 18:26:02","spiegel_rssschlagz_2021-10-30_18_26_02","Spiegel_Schlagzeilen","2021-10-30",1
"https://www.tagesschau.de/inland/union-analyse-103.html","2021-10-11 01:15:01","ARD_Ausland_2021-10-11_01_15_01","ARD_Ausland","2021-10-11",1
"https://www.spiegel.de/panorama/justiz/haiti-entfuehrte-nordamerikanische-missionare-setzen-hilferuf-ab-a-35a7f691-2a71-4f2a-81ad-d708d65cf32a#ref=rss","2021-10-18 06:00:02","spiegel_rssschlagz_2021-10-18_06_00_02","Spiegel_Schlagzeilen","2021-10-18",1
"https://www.rtl.de/cms/mehrmonatige-auszeit-fuer-koelner-erzbischof-aber-kardinal-woelki-bleibt-im-amt-4836657.html","2021-09-26 02:00:02","RTL_News_2021-09-26_02_00_02","RTL_News","2021-09-26",1
"https://www.spiegel.de/netzwelt/web/facebook-heisst-jetzt-meta-der-digitalkonzern-benennt-sich-um-a-2eaadb52-d023-4478-8c7c-6210aaa4d283#ref=rss","2021-10-28 21:26:02","spiegel_rssschlagz_2021-10-28_21_26_02","Spiegel_Schlagzeilen","2021-10-28",1
"https://www.welt.de/politik/ausland/article235185018/Coronavirus-Bisheriger-Verlauf-der-Pandemie-in-Afrika-verbluefft-Experten.html","2021-11-21 11:51:02","WELT_Politik_2021-11-21_11_51_02","WELT_Politik","2021-11-21",1
"https://www.tagesschau.de/ausland/schweinestau-schlachter-101.html","2021-10-16 09:56:02","ARD_Inland_2021-10-16_09_56_02","ARD_Inland","2021-10-16",1
"https://www.rtl.de/cms/elf-einsatzkraefte-befreien-blinde-huendin-aus-drei-meter-tiefer-jauchegrube-4851963.html","2021-10-22 02:00:02","RTL_News_2021-10-22_02_00_02","RTL_News","2021-10-22",1
"https://www.zdf.de/sport/zdf-sportreportage/kanu-sprint-wm-kopenhagen-conrad-scheibner-100.html","2021-09-20 01:30:02","ZDF_2021-09-20_01_30_02","ZDF_Standard","2021-09-20",1
"https://www.rtl.de/cms/ermittlungen-nach-unfall-mit-drei-toten-aufgenommen-4856498.html","2021-10-31 02:00:06","RTL_News_2021-10-31_02_00_06","RTL_News","2021-10-31",1
"https://www.rtl.de/cms/oberelsbach-senioren-verpruegeln-sich-mit-wanderstock-wegen-streit-um-hund-4828597.html","2021-09-12 02:00:02","RTL_News_2021-09-12_02_00_02","RTL_News","2021-09-12",1
"https://www.spiegel.de/wirtschaft/unternehmen/illegale-steuerdeals-cum-ex-schaden-koennte-dreimal-so-hoch-sein-wie-bekannt-a-53a30854-5733-49e0-912c-4f0a8204013d#ref=rss","2021-10-21 12:26:02","spiegel_rssschlagz_2021-10-21_12_26_02","Spiegel_Schlagzeilen","2021-10-21",1
"https://www.n-tv.de/politik/Osterreich-droht-Ungeimpften-mit-Lockdown-article22883370.html","2021-10-23 22:10:02","NTV_Standard_2021-10-23_22_10_02","NTV_Standard","2021-10-23",1
"https://www.zdf.de/nachrichten/heute-journal/60-jahre-tuerkei-anwerbeabkommen-100.html","2021-10-06 01:30:02","ZDF_2021-10-06_01_30_02","ZDF_Standard","2021-10-06",1
"https://www.rtl.de/cms/suedafrika-coronavariante-b-1-1-529-eu-setzt-alle-fluege-aus-acht-afrikanischen-staaten-aus-4873555.html","2021-11-29 04:10:07","RTL_PolitikAusland_2021-11-29_04_10_07","RTL_PolitikAusland","2021-11-29",1
"https://www.spiegel.de/sport/fussball/bundesliga-vorschau-so-tippen-die-fanexpertinnen-und-fanexperten-den-9-spieltag-a-5f3405c0-7d23-4894-a3f9-b150ab1d93ba#ref=rss","2021-10-22 18:26:02","spiegel_rssschlagz_2021-10-22_18_26_02","Spiegel_Schlagzeilen","2021-10-22",1
"https://www.spiegel.de/netzwelt/web/varion-unsympathischtv-und-trymacs-und-auf-einmal-filmen-zehn-15-jaehrige-in-mein-auto-a-e49f28b0-6515-4575-b6d8-babb81c631f0#ref=rss","2021-10-19 12:26:02","spiegel_rssschlagz_2021-10-19_12_26_02","Spiegel_Schlagzeilen","2021-10-19",1
"https://www.tagesschau.de/inland/corona-ministerpraesidenten-101.html","2021-10-22 09:56:02","ARD_Inland_2021-10-22_09_56_02","ARD_Inland","2021-10-22",1
"https://www.rtl.de/cms/maskenpflicht-in-schulen-nrw-berlin-co-in-welchen-bundeslaendern-aktuell-welche-corona-regeln-gelten-4844495.html","2021-10-10 03:10:03","RTL_PolitikInland_2021-10-10_03_10_03","RTL_PolitikInland","2021-10-10",1
"https://www.n-tv.de/politik/Bas-startet-mit-Zwischenfall-ins-Amt-article22889182.html","2021-10-26 22:10:02","NTV_Standard_2021-10-26_22_10_02","NTV_Standard","2021-10-26",1
"https://www.zdf.de/nachrichten/zdf-morgenmagazin/fussball-1-fc-magdeburg-meldet-sich-mit-sieg-zurueck-100.html","2021-10-05 15:07:02","ZDF_2021-10-05_15_07_02","ZDF_Standard","2021-10-05",1
"https://www.zdf.de/nachrichten/zdf-morgenmagazin/bundestag-impfauskunftspflicht-geplant-corona-impfungen-100.html","2021-09-07 08:30:02","ZDF_2021-09-07_08_30_02","ZDF_Standard","2021-09-07",1
"https://www.tagesschau.de/ausland/tschechien-koalition-101.html","2021-11-04 01:15:02","ARD_Ausland_2021-11-04_01_15_02","ARD_Ausland","2021-11-04",1
"https://www.welt.de/politik/deutschland/article234084830/WDR-El-Hassan-soll-Quarks-vorerst-nicht-moderieren.html","2021-09-28 21:51:02","WELT_Politik_2021-09-28_21_51_02","WELT_Politik","2021-09-28",1
"https://www.zdf.de/nachrichten/zdfheute-live/iss-gerst-weltall-video-100.html","2021-10-30 01:30:02","ZDF_2021-10-30_01_30_02","ZDF_Standard","2021-10-30",1
"https://www.welt.de/gesundheit/plus235338808/Corona-Variante-Omikron-Ungeimpfte-sollten-sich-schnell-impfen-lassen-oder-maximal-Kontakte-meiden.html","2021-11-29 10:03:02","WELT_News_2021-11-29_10_03_02","WELT_News","2021-11-29",1
"https://www.spiegel.de/politik/deutschland/die-woche-armin-laschets-niederlage-olaf-scholz-taktik-gefahr-aus-querdenker-szene-podcast-a-387d9058-fe25-436b-a0f8-89224b6e3c93#ref=rss","2021-10-02 06:30:02","spiegel_rsspolitik_2021-10-02_06_30_02","Spiegel_Politik","2021-10-02",1
"https://www.spiegel.de/panorama/frankreich-ortsname-zu-lang-bewohner-warten-auf-personalausweise-a-fe09b814-0b44-4f81-8ed9-4b770bc53a05#ref=rss","2021-10-14 18:26:02","spiegel_rssschlagz_2021-10-14_18_26_02","Spiegel_Schlagzeilen","2021-10-14",1
"https://www.spiegel.de/auto/deutsche-bahn-wie-die-bahn-ein-weihnachts-chaos-verhindern-will-a-313278bb-fb4a-43c5-8c78-4a53cabe78fb#ref=rss","2021-10-25 11:26:02","spiegel_rssschlagz_2021-10-25_11_26_02","Spiegel_Schlagzeilen","2021-10-25",1
"https://www.spiegel.de/politik/deutschland/bundestagswahl-cdu-csu-und-fdp-einigen-sich-auf-sondierungen-am-sonntag-a-704a07ac-2a70-4217-a0b9-dcf0895c308b#ref=rss","2021-09-30 15:25:02","spiegel_rsspolitik_2021-09-30_15_25_02","Spiegel_Politik","2021-09-30",1
"https://www.rtl.de/cms/afghanistan-journalisten-nato-mitarbeiter-in-toedlicher-gefahr-die-geheime-fahndungsliste-der-taliban-4816927.html","2021-09-15 04:10:05","RTL_PolitikAusland_2021-09-15_04_10_05","RTL_PolitikAusland","2021-09-15",1
"https://www.welt.de/politik/deutschland/plus235333438/Kritik-an-Volker-Wissing-Jetzt-geraten-FDP-und-Gruene-aneinander-es-geht-um-die-Diesel-Fahrer.html","2021-11-29 10:51:02","WELT_Politik_2021-11-29_10_51_02","WELT_Politik","2021-11-29",1
"https://www.stern.de/reise/europa/hubschrauber-zur-ferienwohnung-ausgebaut--helicopter-glamping-in-schottland---7133962.html?utm_campaign=alle-nachrichten&utm_medium=rss-feed&utm_source=standard","2021-08-23 11:55:02","Stern_News_2021-08-23_11_55_02","Stern_News","2021-08-23",1
"https://www.welt.de/wirtschaft/karriere/bildung/plus233402141/Psychologie-Studienplatz-So-klappt-es-auch-ohne-Einser-Abitur.html","2021-08-28 16:03:02","WELT_News_2021-08-28_16_03_02","WELT_News","2021-08-28",1
"https://www.welt.de/politik/deutschland/article235349252/Diese-Corona-Einschraenkungen-empfiehlt-Lauterbach-gegen-die-vierte-Welle.html","2021-11-29 12:51:02","WELT_Politik_2021-11-29_12_51_02","WELT_Politik","2021-11-29",1
"https://www.rtl.de/cms/taliban-hoelle-tapfere-buergermeisterin-zarifa-ghafari-28-wartet-in-afghanistan-auf-ihren-tod-4815700.html","2021-09-15 04:10:05","RTL_PolitikAusland_2021-09-15_04_10_05","RTL_PolitikAusland","2021-09-15",1
"https://www.rtl.de/cms/a-30-nahe-den-niederlanden-zoll-osnabrueck-erwischt-autofahrer-mit-mehreren-kilo-drogen-4846493.html","2021-10-13 02:00:02","RTL_News_2021-10-13_02_00_02","RTL_News","2021-10-13",1
"https://www.welt.de/politik/ausland/article233852418/Texas-Fox-News-darf-keine-Migranten-unter-Bruecke-mehr-filmen.html","2021-09-17 14:03:02","WELT_News_2021-09-17_14_03_02","WELT_News","2021-09-17",1
"https://www.welt.de/politik/bundestagswahl/plus233664542/Stefan-Aust-Merkels-Buddys-werden-mit-ihr-und-der-CDU-abgeraeumt.html","2021-09-08 14:03:02","WELT_News_2021-09-08_14_03_02","WELT_News","2021-09-08",1
"https://www.spiegel.de/wissenschaft/mensch/klimabericht-was-die-royals-fuers-klima-tun-und-was-die-g20-verpassen-a-0524a058-81c4-4d6b-9f93-a384af25c6c0#ref=rss","2021-10-15 16:26:02","spiegel_rssschlagz_2021-10-15_16_26_02","Spiegel_Schlagzeilen","2021-10-15",1
"https://www.spiegel.de/sport/fussball/frauenfussball-deutschland-gewinnt-deutlich-in-wm-qualifikation-dank-lea-schueller-a-c953ca2f-9c71-4fe1-ace1-e5d25584c6bd#ref=rss","2021-09-21 19:26:02","spiegel_rssschlagz_2021-09-21_19_26_02","Spiegel_Schlagzeilen","2021-09-21",1
"https://www.spiegel.de/politik/deutschland/geht-die-fdp-auf-den-ampel-vorschlag-der-gruenen-ein-a-a97cfb43-b2fb-437e-9ee3-bd62cbdf4139#ref=rss","2021-10-06 15:25:02","spiegel_rsspolitik_2021-10-06_15_25_02","Spiegel_Politik","2021-10-06",1
"https://www.spiegel.de/ausland/coronavirus-moskaus-nicht-lebensnotwendige-geschaefte-und-firmen-schliessen-ab-ende-oktober-a-02093e04-50b9-4197-b006-f2da49eed62c#ref=rss","2021-10-21 19:26:02","spiegel_rssschlagz_2021-10-21_19_26_02","Spiegel_Schlagzeilen","2021-10-21",1
"https://www.stern.de/kultur/hoerbuchtipps/ein-dutzend-spannende-hoerbuecher-fuer-star-trek-fans-30658118.html?utm_campaign=alle-nachrichten&utm_medium=rss-feed&utm_source=standard","2021-08-20 13:55:05","stern_rssnews_2021-08-20_13_55_05","Stern_News","2021-08-20",1
"https://www.welt.de/politik/ausland/plus234768964/Atomkraft-Befuerworter-Es-gibt-keine-sauberen-Energien.html","2021-11-02 16:03:02","welt_rssnews_2021-11-02_16_03_02","WELT_News","2021-11-02",1
"https://www.rtl.de/cms/nach-fleischerbeil-attacke-am-s-bahnhof-in-obertshausen-zeuge-gesucht-4827821.html","2021-09-10 02:00:03","RTL_News_2021-09-10_02_00_03","RTL_News","2021-09-10",1
"https://www.welt.de/politik/deutschland/article234093660/Prognose-Heizkosten-steigen-2021-deutlich-bis-44-Prozent-bei-Oelheizung.html","2021-09-29 10:51:02","WELT_Politik_2021-09-29_10_51_02","WELT_Politik","2021-09-29",1
